source,market_id,league,season,home,away,notes
polymarket,0x8945183c6253e70ec33a9f7c79058de36d3ebd809c245bc4204e9a3d098e0ea8,NBA: LA Clippers vs. Orlando Magic 2023-03-18,2026,TBD,TBD,NBA: LA Clippers vs. Orlando Magic 2023-03-18
polymarket,0xd1a5513fa75fd1d158f430161adf2e3df88511dc508328e05f520519fe78eb46,NBA: Miami Heat vs. Cleveland Cavaliers 2023-03-08,2026,TBD,TBD,NBA: Miami Heat vs. Cleveland Cavaliers 2023-03-08
polymarket,0xa0288b41192c5a14a919447eb09436555de5ed02ba9c0a9a99e5c283bc192653,NHL: Chicago Blackhawks vs. Boston Bruins 2023-03-14,2026,TBD,TBD,NHL: Chicago Blackhawks vs. Boston Bruins 2023-03-14
polymarket,0x0d2e2da73b35519de3e10de75f2d576475cf19fa5f56f3b7463012277d203c2a,NHL: Carolina Hurricanes vs. Winnipeg Jets 2023-03-14,2026,TBD,TBD,NHL: Carolina Hurricanes vs. Winnipeg Jets 2023-03-14
polymarket,0x562a1c278fd84b9cd2147253fc9497ca07a616a59f7bc0c99966f321fa4493f4,NBA: Nuggets vs. Magic (02/09/2023),2026,TBD,TBD,NBA: Nuggets vs. Magic (02/09/2023)
polymarket,0xca848e711a27bec13d15c4161f2f857d39931f3f06b5635eecf3e41c466455b4,NBA: Washington Wizards vs. Atlanta Hawks 2023-03-10,2026,TBD,TBD,NBA: Washington Wizards vs. Atlanta Hawks 2023-03-10
polymarket,0x0caf5c072f5abb4fe484b569949a9e414dc73d0d1af81be5effea1c2a48e4833,NFL Sunday: Cowboys vs. Commanders,2026,TBD,TBD,NFL Sunday: Cowboys vs. Commanders
polymarket,0x21f17bea7b77e1b8b4ae36dfb734dcf69b375f755d2155462e812adc834eb10f,NBA: Orlando Magic vs. Miami Heat 2023-03-11,2026,TBD,TBD,NBA: Orlando Magic vs. Miami Heat 2023-03-11
polymarket,0x3dd748f11097f1f4fe8c1adb5344360fd3ec2f0492d5eff1f1f2f0a2c15b2bba,NBA: Spurs vs. Hawks (02/11/2023),2026,TBD,TBD,NBA: Spurs vs. Hawks (02/11/2023)
polymarket,0xdef4297663a67c326bf3eba80f74eaf6de133e73649eb31fb2f9007b77a6c4db,NBA: Wizards vs. Pistons (02/01/2023),2026,TBD,TBD,NBA: Wizards vs. Pistons (02/01/2023)
polymarket,0xb6bfd32d4bda09062c8b08ef96303e4eda268d12e3e38167be89cae981aaf10e,UFC 285: Will there be at least 4 finishes on the main card?,2026,TBD,TBD,UFC 285: Will there be at least 4 finishes on the main card?
polymarket,0x857a86fa89e7534937514bfc0eefc6fd8b8afc407a45826c24a6e29a9e8d6d7d,NBA: San Antonio Spurs vs. Atlanta Hawks 2023-03-19,2026,TBD,TBD,NBA: San Antonio Spurs vs. Atlanta Hawks 2023-03-19
polymarket,0x774f5c5c25f80dc03ad5aada57dd679e79e99ddc27ca1e18440c19b0082da427,NBA: Jazz vs. Knicks (02/11/2023),2026,TBD,TBD,NBA: Jazz vs. Knicks (02/11/2023)
polymarket,0xe9c0537b55cce004669dd212caa8dad9ce5e59b7753d00c67ff037e65f0c6273,NHL: Florida Panthers vs. Chicago Blackhawks 2023-03-10,2026,TBD,TBD,NHL: Florida Panthers vs. Chicago Blackhawks 2023-03-10
polymarket,0x7a5a8c90d0bfd74e8f6993e1d2a6ccfb2672afded538692c0df1e06b22179abc,NBA: Cleveland Cavaliers vs. Washington Wizards 2023-03-17,2026,TBD,TBD,NBA: Cleveland Cavaliers vs. Washington Wizards 2023-03-17
polymarket,0xf8fa60fa33aaa7394ff92cf195fcc45b2d5de4bac43fcb537e0323c9b64b4d01,NBA: Utah Jazz vs. Oklahoma City Thunder 2023-02-23,2026,TBD,TBD,NBA: Utah Jazz vs. Oklahoma City Thunder 2023-02-23
polymarket,0x8d4d93af5b60101fe62eed34c1bf224772c9eca08e6b20133464a63334d45385,NFL Wild Card Round: Seahawks Vs. 49ers,2026,TBD,TBD,NFL Wild Card Round: Seahawks Vs. 49ers
polymarket,0x8cb5196f9cd554c55abdb18b8c65a2d44b7909f53428a099939f8225e36515ad,NBA: Minnesota Timberwolves vs. Brooklyn Nets 2023-03-10,2026,TBD,TBD,NBA: Minnesota Timberwolves vs. Brooklyn Nets 2023-03-10
polymarket,0x2fde28e6ad1d8b2aa49b499a1112a313884e53822b0d93860dbc377446ef547f,NBA: Los Angeles Lakers vs. New York Knicks 2023-03-12,2026,TBD,TBD,NBA: Los Angeles Lakers vs. New York Knicks 2023-03-12
polymarket,0xf20f0a39c8f295a19866251c66504cecc30b0c4d51367b784501fab2779755dd,NBA: LA Clippers vs. Minnesota Timberwolves 2023-02-28,2026,TBD,TBD,NBA: LA Clippers vs. Minnesota Timberwolves 2023-02-28
polymarket,0xb01a3f1db2b9150eaa813faee68602887a61efd781ac7fbda2868ab5b8cd9e6a,UFC Fight Night: Who will win - Strickland vs. Imavov,2026,TBD,TBD,UFC Fight Night: Who will win - Strickland vs. Imavov
polymarket,0x6e22d4fe279894dfe22854258eefea3893502043db541a7b095b85056aa7b6c9,NBA: Charlotte Hornets vs. Indiana Pacers 2023-03-20,2026,TBD,TBD,NBA: Charlotte Hornets vs. Indiana Pacers 2023-03-20
polymarket,0xbae919b42f4585af8848a3e291dad4c0c2d39145db4fce6618b1b4ca8993923f,NHL: Toronto Maple Leafs vs. Carolina Hurricanes 2023-03-17,2026,TBD,TBD,NHL: Toronto Maple Leafs vs. Carolina Hurricanes 2023-03-17
polymarket,0x82942205e81a01e6ebdc0270d883189ac315dd7a7c15b9c954d0274a4df612cc,Will U.S. inflation be greater than 0.0% from February to March 2023?,2026,TBD,TBD,Will U.S. inflation be greater than 0.0% from February to March 2023?
polymarket,0xc866174e919105ad59a2900e22b29479c63c130d7f54fab992d5f0ded7350f84,NHL: Toronto Maple Leafs vs. Edmonton Oilers 2023-03-11,2026,TBD,TBD,NHL: Toronto Maple Leafs vs. Edmonton Oilers 2023-03-11
polymarket,0x3ce43c563aaedcd8494179822c1ea39c0cfb9bd8b130fb4f6c9ef4e09ededf4f,NBA: Orlando Magic vs. Utah Jazz 2023-03-09,2026,TBD,TBD,NBA: Orlando Magic vs. Utah Jazz 2023-03-09
polymarket,0x79b8f85909b60007ae1b688fcea76096f0396b74d46b518394b1d23cc4aace9c,NBA: Knicks vs. Magic (02/07/2023),2026,TBD,TBD,NBA: Knicks vs. Magic (02/07/2023)
polymarket,0x493931b4a209ac8bc7b129398a78a27a9a8585fa7a6aad104f6cb363a195e8d1,NBA: Oklahoma City Thunder vs. Golden State Warriors 2023-03-07,2026,TBD,TBD,NBA: Oklahoma City Thunder vs. Golden State Warriors 2023-03-07
polymarket,0xab71c618ab4aead75e75357bd9487c10781e50245c63350f33ce20e2a5940138,NBA: Phoenix Suns vs. Milwaukee Bucks 2023-03-14,2026,TBD,TBD,NBA: Phoenix Suns vs. Milwaukee Bucks 2023-03-14
polymarket,0x57867706b9da251c0eb72e208bfb77d0b5c457766adcb51b525b1a65b5e9c362,Will the Suns be the 2022-23 NBA Champion?,2026,TBD,TBD,Will the Suns be the 2022-23 NBA Champion?
polymarket,0x3753d85f9518471f0af3d0b77e85c574ef2ec8505b85c9940b6b5a364dc1b7c0,NBA: Bulls vs. Cavaliers (02/11/2023),2026,TBD,TBD,NBA: Bulls vs. Cavaliers (02/11/2023)
polymarket,0x6680622aca6fd7d645f221c7fb0eea0003e55fb0c5d6950e6601a6572e1c3ba6,NBA: Memphis Grizzlies vs. Golden State Warriors 2023-03-09,2026,TBD,TBD,NBA: Memphis Grizzlies vs. Golden State Warriors 2023-03-09
polymarket,0x7e2993407cc511025f35b0939ed82e30363e66492cc9164adfb2a2601595e4d3,NBA: Cavaliers vs. Pelicans (02/10/2023),2026,TBD,TBD,NBA: Cavaliers vs. Pelicans (02/10/2023)
polymarket,,archNBA: Heat vs. Knicks (02/02/2023),2026,TBD,TBD,archNBA: Heat vs. Knicks (02/02/2023)
polymarket,0x264185ffc9f9521fc80059c789bc258e7b52e6fc53e667a38d993caa969cf9c0,NFL Monday: Chargers vs. Colts,2026,TBD,TBD,NFL Monday: Chargers vs. Colts
polymarket,0xca1754b4b6b5723f8b0ce0d9dfcce641dfbb6955be44c021abb9e9b9f9a3cfb3,NBA: Phoenix Suns vs. Orlando Magic 2023-03-16,2026,TBD,TBD,NBA: Phoenix Suns vs. Orlando Magic 2023-03-16
polymarket,0xe7b85305c417b60e159fe843e3848bfb0c8352c248ba7128681507b339a5fce4,NBA: Cleveland Cavaliers vs. Philadelphia 76ers 2023-03-15,2026,TBD,TBD,NBA: Cleveland Cavaliers vs. Philadelphia 76ers 2023-03-15
polymarket,0xe8f643087de188c963d04434cfbdf89b867fc0e95823739daad6fbbed4f0f9a0,NFL Wild Card Round: Dolphins vs. Bills,2026,TBD,TBD,NFL Wild Card Round: Dolphins vs. Bills
polymarket,0x7b12b7ab810ae2dfdab37b5bd5f8d86786eb9f82e8cb5043115c3c49255b2883,NHL: Florida Panthers vs. Winnipeg Jets 2023-03-11,2026,TBD,TBD,NHL: Florida Panthers vs. Winnipeg Jets 2023-03-11
polymarket,0xf2a64c791da0f646df3342aecd2e2acc2d2b2420471152de2dd2fea61c8ff859,NBA: Miami Heat vs. Atlanta Hawks 2023-03-06,2026,TBD,TBD,NBA: Miami Heat vs. Atlanta Hawks 2023-03-06
polymarket,0x12f994844d98474041a7a72852a51fcc533da608fc29bc700b946deadfda0060,NHL: New York Rangers vs. Washington Capitals 2023-03-14,2026,TBD,TBD,NHL: New York Rangers vs. Washington Capitals 2023-03-14
polymarket,0x9c7e0960d10072eebb4df4eb6cf33b0dac91d3c1abea2b6b2ee1dd0bb4689f3d,NHL: Detroit Red Wings vs. Colorado Avalanche 2023-03-18,2026,TBD,TBD,NHL: Detroit Red Wings vs. Colorado Avalanche 2023-03-18
polymarket,,archWill US inflation be greater than 0.3% from January to February 2023?,2026,TBD,TBD,archWill US inflation be greater than 0.3% from January to February 2023?
polymarket,0x040b0c89ae3233160493a3f6a96249e5bcc0bb8011f4f57729f7f01f217f3631,NBA: Atlanta Hawks vs. Washington Wizards 2023-02-28,2026,TBD,TBD,NBA: Atlanta Hawks vs. Washington Wizards 2023-02-28
polymarket,0x51799fde52cd258501c042e9b5062de4fe69f53023d27cc8b7a55e549268f9c6,NBA: Atlanta Hawks vs. Minnesota Timberwolves 2023-03-13,2026,TBD,TBD,NBA: Atlanta Hawks vs. Minnesota Timberwolves 2023-03-13
polymarket,0x957317f0e45d7eab8b03741f44e3a60afb33c63b314e26f33eb179c747bb15d6,NFL Sunday: Buccaneers vs. Cardinals,2026,TBD,TBD,NFL Sunday: Buccaneers vs. Cardinals
polymarket,0x690e3b7e0946de6cf71cef4973b105d4501019f62656616fbfbf09119d2c916b,NHL: Toronto Maple Leafs vs. Buffalo Sabres 2023-03-13,2026,TBD,TBD,NHL: Toronto Maple Leafs vs. Buffalo Sabres 2023-03-13
polymarket,0x23167438e7c854592b9f513657273a12ec123cd270027ade1040e264f1f84cb8,NBA: San Antonio Spurs vs. Houston Rockets 2023-03-04,2026,TBD,TBD,NBA: San Antonio Spurs vs. Houston Rockets 2023-03-04
polymarket,0x97b05cdacb992d75dd86f346763bcf375b97e1ffffa6460b964240694d85eff9,NHL: Colorado Avalanche vs. Los Angeles Kings 2023-03-09,2026,TBD,TBD,NHL: Colorado Avalanche vs. Los Angeles Kings 2023-03-09
polymarket,0xb3ff06f30e3a45272aa1fe9d804e38e908d3d9ef42634a048b71b93f84c9cd4f,NBA: Memphis Grizzlies vs. Los Angeles Lakers 2023-02-28,2026,TBD,TBD,NBA: Memphis Grizzlies vs. Los Angeles Lakers 2023-02-28
polymarket,0xdb6ec0db23cc48839cc7912f5253c4d7b57f861f11ae54aea8ff6ed1efb7e935,"MLB: Who will win New York Yankees v. Boston Red Sox, scheduled for August 14, 7:08 PM ET?",2026,TBD,TBD,MLB: Who will win New York Yankees v. Boston Red Sox  scheduled for August 14  7:08 PM ET?
polymarket,0x331ad95a35e4486fc5e188c85b2fed30d05cf3adf76895f6c8140467932fcf48,NHL: Boston Bruins vs. Edmonton Oilers 2023-03-09,2026,TBD,TBD,NHL: Boston Bruins vs. Edmonton Oilers 2023-03-09
polymarket,0x9d15c171c5ae68a3eeb39ae5be1b610479964743c29f58635e94ff38ee3bf798,NHL: Nashville Predators vs. Detroit Red Wings 2023-03-14,2026,TBD,TBD,NHL: Nashville Predators vs. Detroit Red Wings 2023-03-14
polymarket,0xb64675e1b7d39a31c8eddaaf8b7fe4a7f18155ce64fb8d2b11cc142e4af3fc2b,NBA Wednesday: Bucks vs. Cavaliers,2026,TBD,TBD,NBA Wednesday: Bucks vs. Cavaliers
polymarket,0x436b8d668ccf0667a75cc9375f6ac4c0eecf1b7f17d9e227639c04912758c7ae,NHL: Tampa Bay Lightning vs. New Jersey Devils 2023-03-19,2026,TBD,TBD,NHL: Tampa Bay Lightning vs. New Jersey Devils 2023-03-19
polymarket,0xba660571ee8ced6fd2f31ef50802af4a6ebb77e2fcb4476e35a90c0b87dd4a44,NFL Wild Card Round: Ravens Vs. Bengals,2026,TBD,TBD,NFL Wild Card Round: Ravens Vs. Bengals
polymarket,0xea20dc76c2852a84ba643cd8a35e7a4f5759513960f16f33af8d783a1ce605ea,NHL: Florida Panthers vs. Montreal Canadiens 2023-03-16,2026,TBD,TBD,NHL: Florida Panthers vs. Montreal Canadiens 2023-03-16
polymarket,0x9dc0d519284b50697bd815c7e32107d567d33071f30244dac72efa59b1673b48,NHL: Winnipeg Jets vs. Minnesota Wild 2023-03-08,2026,TBD,TBD,NHL: Winnipeg Jets vs. Minnesota Wild 2023-03-08
polymarket,0x7a5b7014989a50c040af18e4fda3c07a1a533fab705e5decc38b1e83dbd5ddc5,NBA: Brooklyn Nets vs. Charlotte Hornets 2023-03-05,2026,TBD,TBD,NBA: Brooklyn Nets vs. Charlotte Hornets 2023-03-05
polymarket,0xa7d59b976c95cd0254b93eda3ead34c3fd5cd5dca9242d3165f1bac29949c8c7,NFL Thursday: 49ers vs. Seahawks,2026,TBD,TBD,NFL Thursday: 49ers vs. Seahawks
polymarket,0x92f60dfd954ecb34dbf081baf1d6183804fe91d306e30b8d72c2bc971ebfea40,NBA: Philadelphia 76ers vs. Memphis Grizzlies 2023-02-23,2026,TBD,TBD,NBA: Philadelphia 76ers vs. Memphis Grizzlies 2023-02-23
polymarket,0x4156629564026aec2d0bc054c564156ede17e66ea6b3e3a0a2e93a116985a260,NBA: Orlando Magic vs. Milwaukee Bucks 2023-03-07,2026,TBD,TBD,NBA: Orlando Magic vs. Milwaukee Bucks 2023-03-07
polymarket,0x927b6c4df78f3a63eb467c10c84269683295d371ddcabec3a935f5b54eda9684,NBA Monday: Bucks vs. Pelicans,2026,TBD,TBD,NBA Monday: Bucks vs. Pelicans
polymarket,0x7b99b84516be84e1bb1195ee2099923eb522ea47e39479c9262b51184cdfc741,NBA: Minnesota Timberwolves vs. Boston Celtics 2023-03-15,2026,TBD,TBD,NBA: Minnesota Timberwolves vs. Boston Celtics 2023-03-15
polymarket,0x30e43afd052cce9f1b2d8f718592e145a0624241f50d430262ef5d3ab6946fd3,NBA: Boston Celtics vs. Portland Trail Blazers 2023-03-08,2026,TBD,TBD,NBA: Boston Celtics vs. Portland Trail Blazers 2023-03-08
polymarket,0xa96cad0afac69928d0c118020f97c123ad8b88874b40647f98b00eb380cf75d2,NBA: Memphis Grizzlies vs. Denver Nuggets 2023-02-25,2026,TBD,TBD,NBA: Memphis Grizzlies vs. Denver Nuggets 2023-02-25
polymarket,0x54bd39a293a524d4ecbb391ed056e5da80a95eb4d9ff5b35af1101cc48188751,Will U.S. inflation be greater than -0.1% from November to December 2022?,2026,TBD,TBD,Will U.S. inflation be greater than -0.1% from November to December 2022?
polymarket,0xf3c5da6199e9d34af6d9280726930e3a6aecae374212d59876d36f13df242902,NBA: Portland Trail Blazers vs. LA Clippers 2023-03-19,2026,TBD,TBD,NBA: Portland Trail Blazers vs. LA Clippers 2023-03-19
polymarket,0xe37f54347e1371a09f0b691af4f59fbefd767205ad7a56282414c9d38b9cb907,NHL: Edmonton Oilers vs. Dallas Stars 2023-03-16,2026,TBD,TBD,NHL: Edmonton Oilers vs. Dallas Stars 2023-03-16
polymarket,0xeaaa1621fbb0b319e0515ca6c74da9ffa2c7435234b316072502b23c04004444,NBA: Raptors vs. Rockets (02/03/2023),2026,TBD,TBD,NBA: Raptors vs. Rockets (02/03/2023)
polymarket,0x4b69dbb9bcb9020a360b44906ae891022f7806fa52bc87fa1a8fa8bd840c1823,NBA: Celtics vs. Bucks (02/14/2023),2026,TBD,TBD,NBA: Celtics vs. Bucks (02/14/2023)
polymarket,0x897e27b5869cc669600b13a931177582378d83b7dff4190d1afb574f4ffc4a8b,NBA: Suns vs. Pacers (02/10/2023),2026,TBD,TBD,NBA: Suns vs. Pacers (02/10/2023)
polymarket,0x6f754b2165a61c8e01537cfdb9cbaebc6f7d5f564f74eaf731cb5ff5cd457c56,UFC 286: Who will win - Nelson or Barberena?,2026,TBD,TBD,UFC 286: Who will win - Nelson or Barberena?
polymarket,0x1c525ed9bc290ba011d9e249fbea051d2a8fd912628e6e3f56b2ba5ce3b1c361,NBA: Mavericks vs. Clippers (02/08/2023),2026,TBD,TBD,NBA: Mavericks vs. Clippers (02/08/2023)
polymarket,0x1c4104897ee4631e8d85ff03da00564cf5786477ecdbdf7b3e4bc8638874b137,NHL: Calgary Flames vs. Anaheim Ducks 2023-03-10,2026,TBD,TBD,NHL: Calgary Flames vs. Anaheim Ducks 2023-03-10
polymarket,0xec4fbf081cf587efc4facf27fffbc85a9c588cf7108a8bf2689e238124444410,Will U.S. inflation be more than 0.4% from October to November 2022?,2026,TBD,TBD,Will U.S. inflation be more than 0.4% from October to November 2022?
polymarket,0xe2ebcbb25f020656057295a30e4e0810476f645ca52b7b3e88576e8ff5a160da,NBA: Washington Wizards vs. Toronto Raptors 2023-03-04,2026,TBD,TBD,NBA: Washington Wizards vs. Toronto Raptors 2023-03-04
polymarket,0x4f3ce1d85ab06c8c3ea9d1736640030a1e6c6601e2c9b80a77432ebcb8789dc8,NBA: Cleveland Cavaliers vs. Toronto Raptors 2023-02-26,2026,TBD,TBD,NBA: Cleveland Cavaliers vs. Toronto Raptors 2023-02-26
polymarket,0x5f775cfb745ffb17eb91539961d5cbd2f4ad415ce96f26d3ea56d7220a54df32,Will the WHO declare a Public Health Emergency for H5N1 influenza by June 30?,2026,TBD,TBD,Will the WHO declare a Public Health Emergency for H5N1 influenza by June 30?
polymarket,0x686cd88e974bba511a8d2fbe64664be077fddc66568a09933164df03cc5c7e6f,NBA: Indiana Pacers vs. Philadelphia 76ers 2023-03-18,2026,TBD,TBD,NBA: Indiana Pacers vs. Philadelphia 76ers 2023-03-18
polymarket,0x8e573d3a4d20eea411237b3e45de12e264020298fc12613fdbbe5bf710d940ff,Will U.S. inflation be greater than 0.3% from February to March 2023?,2026,TBD,TBD,Will U.S. inflation be greater than 0.3% from February to March 2023?
polymarket,0x16a5f6636fc6778b8cf67ad33f2477a29f3566a9aba9e1f50d5ca1d1255d57e2,NBA: Orlando Magic vs. Indiana Pacers 2023-02-25,2026,TBD,TBD,NBA: Orlando Magic vs. Indiana Pacers 2023-02-25
polymarket,0xbeb85a058fb66a783aad6343993777e39a728ea8fc922f1117f084acd8517065,NBA: Hornets vs. Celtics (02/10/2023),2026,TBD,TBD,NBA: Hornets vs. Celtics (02/10/2023)
polymarket,0x6b73ad2b743703a143a4a0ab0897391016af9863d387ecf56f8a2890155303f3,NBA: LA Clippers vs. Memphis Grizzlies 2023-03-05,2026,TBD,TBD,NBA: LA Clippers vs. Memphis Grizzlies 2023-03-05
polymarket,0xb588de0af8c3bfaeda2c5d27892486e2e67aa5a354762cd8fac54778ab0fafbc,NBA: Clippers vs. Bucks (02/02/2023),2026,TBD,TBD,NBA: Clippers vs. Bucks (02/02/2023)
polymarket,0x9a5886d03aac3e5f760018d718d7278504c9dfe11feb92269199305c4c9d10f8,NBA: Bucks vs. Bulls (02/16/2023),2026,TBD,TBD,NBA: Bucks vs. Bulls (02/16/2023)
polymarket,0x3ae6aa8cd1c4f91fb74def76da8f1bfaf15373aec27d5ab643e9f7e8f83ecdbb,NBA: San Antonio Spurs vs. Orlando Magic 2023-03-14,2026,TBD,TBD,NBA: San Antonio Spurs vs. Orlando Magic 2023-03-14
polymarket,0xcb20438a93959f3669740b002e492ecb82da7cbc2932fb27e42c633640a71aa3,NBA: Kings vs. Suns (02/14/2023),2026,TBD,TBD,NBA: Kings vs. Suns (02/14/2023)
polymarket,0xe8471b9fe7f90880cad87751f28fd4ae1013462f1984c7f87b5f7ed5274b4ae3,NBA: Indiana Pacers vs. Houston Rockets 2023-03-09,2026,TBD,TBD,NBA: Indiana Pacers vs. Houston Rockets 2023-03-09
polymarket,0xd9534bf124c2a4171371ce7dce10e9b15d5de71d81436b98ac205b8c7b208677,NHL: Detroit Red Wings vs. Boston Bruins 2023-03-12,2026,TBD,TBD,NHL: Detroit Red Wings vs. Boston Bruins 2023-03-12
polymarket,0xbf81ff1679af1508e799e4ba7dd6de699500866788bd9f7deaf767a48670105b,NBA: Chicago Bulls vs. Minnesota Timberwolves 2023-03-17,2026,TBD,TBD,NBA: Chicago Bulls vs. Minnesota Timberwolves 2023-03-17
polymarket,0xb58ae061dd6675f1d7974726e7de842c978f0e8f6e3cfb6ebfc71bfdc69808d6,NFL Sunday: Patriots vs. Bills,2026,TBD,TBD,NFL Sunday: Patriots vs. Bills
polymarket,0x95d130a3b6f15fa3f90ce2576bb13e40bfc0abdf92ada4819c3cd53cce94e1b8,NFL Monday: Rams v. Packers,2026,TBD,TBD,NFL Monday: Rams v. Packers
polymarket,0x26c2456b9bc4b09993c4dc1a9672490a4478313d98aac365572d4dd373a9edfd,NBA: Houston Rockets vs. Brooklyn Nets 2023-03-07,2026,TBD,TBD,NBA: Houston Rockets vs. Brooklyn Nets 2023-03-07
polymarket,0x055176c9ebd8775c281ad540d5c16b3323e316507aef2d45c84f061cbc6bbcdc,"MLB: Who will win Boston Red Sox v. Baltimore Orioles, scheduled for August 21, 7:10 PM ET?",2026,TBD,TBD,MLB: Who will win Boston Red Sox v. Baltimore Orioles  scheduled for August 21  7:10 PM ET?
polymarket,0x9bea26c852102a50ed736d54504de4683481bc89e2285ee7a52c890ec2e38e07,2022 NBA Finals: Who will win Celtics vs. Warriors Game 1?,2026,TBD,TBD,2022 NBA Finals: Who will win Celtics vs. Warriors Game 1?
polymarket,0x12a4c548419096332e40507de4844ebf46d06b4ed39410c63a6e25a7baf66294,NBA: Clippers vs. Suns (02/16/2023),2026,TBD,TBD,NBA: Clippers vs. Suns (02/16/2023)
polymarket,0xf03c0b58cebf030370534449008d97c5930f9093aca4b5cfeadc8bed72dfe043,NHL: Arizona Coyotes vs. Minnesota Wild 2023-03-12,2026,TBD,TBD,NHL: Arizona Coyotes vs. Minnesota Wild 2023-03-12
polymarket,0x8e42f4d01c84d5d8c58c2e8e0ad10501fbbb5252376d155e477ea3615f577f83,NBA: Chicago Bulls vs. Brooklyn Nets 2023-02-24,2026,TBD,TBD,NBA: Chicago Bulls vs. Brooklyn Nets 2023-02-24
polymarket,0x5e8eaa1ad4d5591b71aab8acc7a0918566eb4a858247f366dfcfd112f5a3f4a0,NBA: Washington Wizards vs. Toronto Raptors 2023-03-02,2026,TBD,TBD,NBA: Washington Wizards vs. Toronto Raptors 2023-03-02
polymarket,0xb6d36efcdfff89b32be682d226fb52bbbbe7651faa999b40d3addfaea8d662c0,NBA: Utah Jazz vs. San Antonio Spurs 2023-02-25,2026,TBD,TBD,NBA: Utah Jazz vs. San Antonio Spurs 2023-02-25
polymarket,0x37a9d3e59ab4bd3c622f74207d2179dc21a00a648a8bd98a64739a3a720c643b,"MLB: Who will win New York Mets v. Atlanta Braves, scheduled for August 16, 7:20 PM ET?",2026,TBD,TBD,MLB: Who will win New York Mets v. Atlanta Braves  scheduled for August 16  7:20 PM ET?
polymarket,0xba4ce17d8122187ab2d4b9d12e06af322096f8b32f6ba22b89c2a587c370621f,NHL: Columbus Blue Jackets vs. St. Louis Blues 2023-03-11,2026,TBD,TBD,NHL: Columbus Blue Jackets vs. St. Louis Blues 2023-03-11
polymarket,0xd54318ef289bf2ba5e9e59ef9e0cff30392d144ba6dec7a0dd1154f490c62930,NBA: Warriors vs. Clippers (02/14/2023),2026,TBD,TBD,NBA: Warriors vs. Clippers (02/14/2023)
polymarket,0x51ac91b122802b9a904011bfd1a43c5252c0d355ba5e93f861e1933a7b2dcf65,NBA: Clippers vs. Bulls (01/31/2023),2026,TBD,TBD,NBA: Clippers vs. Bulls (01/31/2023)
polymarket,0x6b3751822822bf12e650c2920db73d7e2066792127d7ce69b7f684ed3e496aaf,"MLB: Who will win Los Angeles Dodgers v. Milwaukee Brewers, scheduled for August 17, 8:10 PM ET?",2026,TBD,TBD,MLB: Who will win Los Angeles Dodgers v. Milwaukee Brewers  scheduled for August 17  8:10 PM ET?
polymarket,0x03a770fa798b76ec2ede218ca898f4d99b8fe3146c8355098fc19e780e9941b0,NHL: Vancouver Canucks vs. Ottawa Senators 2023-03-11,2026,TBD,TBD,NHL: Vancouver Canucks vs. Ottawa Senators 2023-03-11
polymarket,0xa83993f60fdecfb17b489495e162e7f2ec5c054b16668cb82c3d3e00bc3b7ae4,UFC 285: Who will win - Gamrot or Turner?,2026,TBD,TBD,UFC 285: Who will win - Gamrot or Turner?
polymarket,0x55e3270f9e92737911dd03116513fd13c6236e40a62e8902dccebb9d683949cf,NFL Sunday: Bengals vs. Bills,2026,TBD,TBD,NFL Sunday: Bengals vs. Bills
polymarket,0xd2efb83b2e249770d2c7b2efbe5cb46d009e233a77d400285a3c49670254cb9d,NBA: Magic vs. 76ers (02/01/2023),2026,TBD,TBD,NBA: Magic vs. 76ers (02/01/2023)
polymarket,0x99423dee483c90f3beda04ac4e145bfa155358a7db81842bafc1854554ba1eb3,Will Dommaraju Gukesh win the WR Chess Masters?,2026,TBD,TBD,Will Dommaraju Gukesh win the WR Chess Masters?
polymarket,0xa3fcdbca0458d854a87699ac970f12f55bf05f1586767c9eab4ce62622e85594,NBA: New Orleans Pelicans vs. Portland Trail Blazers 2023-03-12,2026,TBD,TBD,NBA: New Orleans Pelicans vs. Portland Trail Blazers 2023-03-12
polymarket,0x60fc9e43dbd9e8ca4a0ffd9167c6e6b90e251d0aead3152245df7551a350e7e6,NBA: Charlotte Hornets vs. Detroit Pistons 2023-02-27,2026,TBD,TBD,NBA: Charlotte Hornets vs. Detroit Pistons 2023-02-27
polymarket,0x53588c4d4df580cf04333b8eb0735918e720545eabe35f46edeae3cf71aed340,NBA: Portland Trail Blazers vs. New Orleans Pelicans 2023-03-01,2026,TBD,TBD,NBA: Portland Trail Blazers vs. New Orleans Pelicans 2023-03-01
polymarket,0x531a2a5dc6771ec5a5d238eaecf5da09a188b050cef988a896a49922de8f055e,NBA: Atlanta Hawks vs. Portland Trail Blazers 2023-03-03,2026,TBD,TBD,NBA: Atlanta Hawks vs. Portland Trail Blazers 2023-03-03
polymarket,0x69d110a0dffd6cbb27a13394b4c213ff2559e6cd2b3e40f7618bd233afbab5d3,Will Miles Bridges play an NBA game in the 2022-23 regular season?,2026,TBD,TBD,Will Miles Bridges play an NBA game in the 2022-23 regular season?
polymarket,0x5708124540aee23c8fb1660d906a3cbb02a48aa3733aa2033d9442070e418e63,NBA: Dallas Mavericks vs. Indiana Pacers 2023-02-28,2026,TBD,TBD,NBA: Dallas Mavericks vs. Indiana Pacers 2023-02-28
polymarket,0x7e15663876b0931755c39db9f2dcc599838bb9ab5323e3d08dfd2fe958f68ab5,NHL: Vegas Golden Knights vs. Calgary Flames 2023-03-16,2026,TBD,TBD,NHL: Vegas Golden Knights vs. Calgary Flames 2023-03-16
polymarket,0xa00a22b16d602abf9ed695404df68a71ddd4ef05573bf9590de4f0fccf096c93,Will the Celtics be the 2022-23 NBA Champion?,2026,TBD,TBD,Will the Celtics be the 2022-23 NBA Champion?
polymarket,0xfcc2fc081d8c97bc3839c061566783e17d34b2e1b14fc5368b6e785b3593b45f,NBA: Heat vs. Magic (02/11/2023),2026,TBD,TBD,NBA: Heat vs. Magic (02/11/2023)
polymarket,0x477a045e9894a24a46bf7ee66cfdff136a3354806d38f09e30f3c638d01aa54d,NBA: Suns vs. Celtics (02/03/2023),2026,TBD,TBD,NBA: Suns vs. Celtics (02/03/2023)
polymarket,0x9362ec7d24e06d326bb193d4d22f7d65bdd15b423afe242dc85c8103fd822404,NBA: Pelicans vs. Nuggets (01/31/2023),2026,TBD,TBD,NBA: Pelicans vs. Nuggets (01/31/2023)
polymarket,0x108ec149cc65ac4a2cc350a680c4afdc76cd3be9363299e7223c3074d3844fa1,NHL: San Jose Sharks vs. Minnesota Wild 2023-03-11,2026,TBD,TBD,NHL: San Jose Sharks vs. Minnesota Wild 2023-03-11
polymarket,0xea021c42e587db0e930291b2b2f7eb69f047642dd9092e69517228288c9d4286,NBA: Dallas Mavericks vs. Phoenix Suns 2023-03-05,2026,TBD,TBD,NBA: Dallas Mavericks vs. Phoenix Suns 2023-03-05
polymarket,0xb9ed681c3281f414cd06991a0abd08b9025eec7a4c865217e01fa97b4124db5e,NBA: Sacramento Kings vs. New Orleans Pelicans 2023-03-06,2026,TBD,TBD,NBA: Sacramento Kings vs. New Orleans Pelicans 2023-03-06
polymarket,0x809e64b01386f5ab99a60ceaca350743dab6f06258b4344ff34c30fb118cb70d,NFL Sunday: Packers vs. Dolphins,2026,TBD,TBD,NFL Sunday: Packers vs. Dolphins
polymarket,0x6c5543b51890e95be88bf1db88669c6f004e4f79e1b15b05aa760397fd14b614,UFC 285: Who will win - Shevchenko or Grasso?,2026,TBD,TBD,UFC 285: Who will win - Shevchenko or Grasso?
polymarket,0x0c62dd0797038c64178595dcb38037f132ec6204337f98683e35928da9cdfbc9,NBA: Mavericks vs. Jazz (02/06/2023),2026,TBD,TBD,NBA: Mavericks vs. Jazz (02/06/2023)
polymarket,0xa78eebacfd952673a3dc8c93e90a3bc8fd59e0e91d29d60da66c6f52ca06ab9d,UFC 284: Will Makhachev win by finish?,2026,TBD,TBD,UFC 284: Will Makhachev win by finish?
polymarket,0xfdd6cb8fde10f9cbe697b350c3b5efaf32abcc7d37bf651c3aa5a75d9d3c3aa8,NBA: Atlanta Hawks vs. Boston Celtics 2023-03-11,2026,TBD,TBD,NBA: Atlanta Hawks vs. Boston Celtics 2023-03-11
polymarket,0xa434a4dc344e31e61b574bab9fe26fd98e31df385a350d9979ebc995b2f24396,UFC 284: Who will win - Makhachev or Volkanovski?,2026,TBD,TBD,UFC 284: Who will win - Makhachev or Volkanovski?
polymarket,0x76cd905d8b0ba716d1960387277b8f5a763cb6809858505fb3799233681e7ebc,NBA: Toronto Raptors vs. New Orleans Pelicans 2023-02-23,2026,TBD,TBD,NBA: Toronto Raptors vs. New Orleans Pelicans 2023-02-23
polymarket,0x8e30ee6bbe58b94fbdab3eee184f3f3c7be1d017c3694c84b6bb0c2f822f3f77,NBA: Lakers vs. Pelicans (02/04/2023),2026,TBD,TBD,NBA: Lakers vs. Pelicans (02/04/2023)
polymarket,0xe1569709ff06d783423cb55da2934a003faaad1b95438cbc7b882b156463bb03,NBA: Lakers vs. Warriors (02/11/2023),2026,TBD,TBD,NBA: Lakers vs. Warriors (02/11/2023)
polymarket,0x3f2c1e30a0c53d666672b4ec76401659ad0ca9009260ea245dc38c863c8bb3bf,NBA: LA Clippers vs. Golden State Warriors 2023-03-15,2026,TBD,TBD,NBA: LA Clippers vs. Golden State Warriors 2023-03-15
polymarket,0x9ea3c48e891229bd7551724e4961972eead76ea5dea8ed211690e2e8e0fd8ec4,Will the Bucks be the 2022-23 NBA Champion?,2026,TBD,TBD,Will the Bucks be the 2022-23 NBA Champion?
polymarket,0xbaaa5c0669ed784a29697e44660b1423386cbce12a9bd03d339e4fe94fabee27,NHL: Pittsburgh Penguins vs. Ottawa Senators 2023-03-20,2026,TBD,TBD,NHL: Pittsburgh Penguins vs. Ottawa Senators 2023-03-20
polymarket,0x6e6b3906eb4d6975a391a33b6538ba8f00915b61de66ec2a8c17142fae8b3927,NBA: Oklahoma City Thunder vs. Sacramento Kings 2023-02-26,2026,TBD,TBD,NBA: Oklahoma City Thunder vs. Sacramento Kings 2023-02-26
polymarket,0xab900a412af81536409a02ff0a4280d9d11b49f6e7981a9d51a53ad61f329a08,NHL: San Jose Sharks vs. Seattle Kraken 2023-03-16,2026,TBD,TBD,NHL: San Jose Sharks vs. Seattle Kraken 2023-03-16
polymarket,0x265fb70abf8aba53a23bceb551a5701e189f284505e0e5671c3b4ddf71651a34,NBA: Grizzlies vs. Celtics (02/12/2023),2026,TBD,TBD,NBA: Grizzlies vs. Celtics (02/12/2023)
polymarket,0xfca333bfa85acc1a4b3235738829a44509499f147bcade33233dcbdf6a8405f8,NHL: Minnesota Wild vs. Washington Capitals 2023-03-19,2026,TBD,TBD,NHL: Minnesota Wild vs. Washington Capitals 2023-03-19
polymarket,0x7adfe69277d551fa4130dad10db7104adadacb426c6e4224251824aa082d8dc7,NBA: Miami Heat vs. Cleveland Cavaliers 2023-03-10,2026,TBD,TBD,NBA: Miami Heat vs. Cleveland Cavaliers 2023-03-10
polymarket,0x4f48d4b9ae5a53224cfd48c1b566648c7e4621161db15f0270e553467e34f17c,NBA: 76ers vs. Knicks (02/05/2023),2026,TBD,TBD,NBA: 76ers vs. Knicks (02/05/2023)
polymarket,0x15c0504f370a50cfb0524441563096393198b8959d760c0347949e689a655576,"MLB: Who will win Dodgers vs. Cardinals, scheduled for July 13, 7:45 PM ET?",2026,TBD,TBD,MLB: Who will win Dodgers vs. Cardinals  scheduled for July 13  7:45 PM ET?
polymarket,0xbe0d6844566f05967879d0ccae00b46cce18b194d3487a0411602c3c7b163a07,NBA: Philadelphia 76ers vs. Miami Heat 2023-02-27,2026,TBD,TBD,NBA: Philadelphia 76ers vs. Miami Heat 2023-02-27
polymarket,0xa14e495586d67eeee273bad2af303c38cdaf8581a0a9c98b33b67c797bd06f75,NFL Wild Card Round: Cowboys Vs. Buccaneers,2026,TBD,TBD,NFL Wild Card Round: Cowboys Vs. Buccaneers
polymarket,0x2e7a7a3f4e8f6f5079f32947b75b41312dcaddd13bcd097d325479c62935d30b,NBA: Detroit Pistons vs. Portland Trail Blazers 2023-03-06,2026,TBD,TBD,NBA: Detroit Pistons vs. Portland Trail Blazers 2023-03-06
polymarket,0xa4cb8fe1d2b5ecec1603c20ddc53a9e6604d1359838dda9e2beb11c72c7b1f4a,NBA: Pelicans vs. Thunder (02/13/2023),2026,TBD,TBD,NBA: Pelicans vs. Thunder (02/13/2023)
polymarket,0xa4b591f2e64f655b93acedeea9f2868e64e021e0036b7502b9960fd7636b2332,NHL: Carolina Hurricanes vs. Philadelphia Flyers 2023-03-09,2026,TBD,TBD,NHL: Carolina Hurricanes vs. Philadelphia Flyers 2023-03-09
polymarket,0xced0978680cd78681622b21bedeed9d0867e0aababfbb01e49473c298101cde2,NHL: New York Rangers vs. Nashville Predators 2023-03-19,2026,TBD,TBD,NHL: New York Rangers vs. Nashville Predators 2023-03-19
polymarket,0x9a7209897461d86a93aec03b1f731c338b43ef3a8306f2b8a2b1f295e04f193f,NFL Sunday: Vikings vs. Packers,2026,TBD,TBD,NFL Sunday: Vikings vs. Packers
polymarket,0x4e1b83b6aa366723a3ca31c653d42a4ae4c9d5d062ab689eb9ab5d02ad88e2e6,NBA: Jazz vs. Pacers (02/13/2023),2026,TBD,TBD,NBA: Jazz vs. Pacers (02/13/2023)
polymarket,0xad143e259d29809f90a8af81a9e886bdcf0803966d18b6761731c25903227d91,NBA: Toronto Raptors vs. Denver Nuggets 2023-03-14,2026,TBD,TBD,NBA: Toronto Raptors vs. Denver Nuggets 2023-03-14
polymarket,0x2325e48b04d4245f36d7415e62616a311b1b4644438721a46b5f6f26d69c5d93,NBA: Toronto Raptors vs. Oklahoma City Thunder 2023-03-16,2026,TBD,TBD,NBA: Toronto Raptors vs. Oklahoma City Thunder 2023-03-16
polymarket,0xf446a1ac44c08d34167d3587d6bfd6ced40a27ad4b1d22342bb4e5d3c0affc6f,NBA: Houston Rockets vs. San Antonio Spurs 2023-03-05,2026,TBD,TBD,NBA: Houston Rockets vs. San Antonio Spurs 2023-03-05
polymarket,0xb05e7b55ac377e52a1e747e2da419c56654de8531b28111f9d81ace4cb9df391,NBA: Thunder vs. Lakers (02/07/2023),2026,TBD,TBD,NBA: Thunder vs. Lakers (02/07/2023)
polymarket,0x2ef3046e46f066792fb21b15371dd96257024af8126dbbb6d6942feb6ade2c05,NHL: New Jersey Devils vs. Carolina Hurricanes 2023-03-12,2026,TBD,TBD,NHL: New Jersey Devils vs. Carolina Hurricanes 2023-03-12
polymarket,0x5cda676ef498e85729540faa381f187f5f5e3455241ebcd5a2090016adbaf432,NBA: Magic vs. Bulls (02/13/2023),2026,TBD,TBD,NBA: Magic vs. Bulls (02/13/2023)
polymarket,0x0fe578209680f522b437f71c28a95f77d822b09797f79496005cdde049540774,NBA: Milwaukee Bucks vs. Phoenix Suns 2023-02-26,2026,TBD,TBD,NBA: Milwaukee Bucks vs. Phoenix Suns 2023-02-26
polymarket,0x23b56720dacd8c59907beba9b3a5e6a1db04903a9d4168c25c6c7c200e99bcb5,"MLB: Who will win Cleveland Guardians v. Boston Red Sox, scheduled for July 27, 7:10 PM ET?",2026,TBD,TBD,MLB: Who will win Cleveland Guardians v. Boston Red Sox  scheduled for July 27  7:10 PM ET?
polymarket,0xbda89f9db336396a0ad03612a8d15c47efd77771745d29cee92dc659a0b4524b,NHL: Vancouver Canucks vs. Dallas Stars 2023-03-14,2026,TBD,TBD,NHL: Vancouver Canucks vs. Dallas Stars 2023-03-14
polymarket,0xdaeb02c49e3a6293f4d6f1d16909255a523cbb3beeba1fcbc693bff3be9c35bd,NHL: Anaheim Ducks vs. Columbus Blue Jackets 2023-03-17,2026,TBD,TBD,NHL: Anaheim Ducks vs. Columbus Blue Jackets 2023-03-17
polymarket,0x9800dd735f87501eaa372c8a7ab5b213a67e7eb27d9e2212a02abce67969685e,NBA: Lakers vs. Trail Blazers (02/13/2023),2026,TBD,TBD,NBA: Lakers vs. Trail Blazers (02/13/2023)
polymarket,0xaa015c3f1c98c803d9146c45d4d61210e39d527f54ac669f075220fe9241fe9b,Will US inflation be greater than 0.5% from January to February 2023?,2026,TBD,TBD,Will US inflation be greater than 0.5% from January to February 2023?
polymarket,0xf2aa191aab76d4f4bf6ece7484686c410df83c8fd8499eed84faa85e7f82a355,NHL: Washington Capitals vs. New Jersey Devils 2023-03-09,2026,TBD,TBD,NHL: Washington Capitals vs. New Jersey Devils 2023-03-09
polymarket,0x5afb48af961d4416471f591953e37c49eb10f65ed3252f8315430f8db0a2a7d7,"NFL Preseason: Who will win Minnesota Vikings v. Las Vegas Raiders, scheduled for August 14, 4:25 PM ET?",2026,TBD,TBD,NFL Preseason: Who will win Minnesota Vikings v. Las Vegas Raiders  scheduled for August 14  4:25 PM ET?
polymarket,0xc043d8c9e91791315f50f9925dc8c67230fd7f33cfc8897dc8542663f29d468d,Will US inflation be more than 0.5% from December 2022 to January 2023?,2026,TBD,TBD,Will US inflation be more than 0.5% from December 2022 to January 2023?
polymarket,0xc267680eaf487c0e0f640b30022b63389ec01a002cd290b63658b9fd38fea27d,NBA: Washington Wizards vs. Atlanta Hawks 2023-03-08,2026,TBD,TBD,NBA: Washington Wizards vs. Atlanta Hawks 2023-03-08
polymarket,0xf8522f1f58ee3bc837055139beb5e48dfb5047da4c3cd22993d2b1e05bb69fea,NBA: Charlotte Hornets vs. Cleveland Cavaliers 2023-03-14,2026,TBD,TBD,NBA: Charlotte Hornets vs. Cleveland Cavaliers 2023-03-14
polymarket,0x6aa6371c779afdd741ae325b4d30094fb749959473a17226619e20cf55d21cea,NBA: Sacramento Kings vs. New York Knicks 2023-03-09,2026,TBD,TBD,NBA: Sacramento Kings vs. New York Knicks 2023-03-09
polymarket,0xeecf0145ad31dfdc296661c1718eada65a0cad5643bc2f0260464647d9da28bb,NBA: Wizards vs. Warriors (02/13/2023),2026,TBD,TBD,NBA: Wizards vs. Warriors (02/13/2023)
polymarket,0x86a95921efba50773e078f7b935e0ce94b6bfb35f42fcab86ff63ff226d9237f,NFL Sunday: Dolphins vs. Patriots,2026,TBD,TBD,NFL Sunday: Dolphins vs. Patriots
polymarket,0xb43cb01b97f4a94a2f0d05eabd614026e00433ad8ba4edd06272ff6ff829b57d,NBA: Houston Rockets vs. Memphis Grizzlies 2023-03-01,2026,TBD,TBD,NBA: Houston Rockets vs. Memphis Grizzlies 2023-03-01
polymarket,0x7b250cd9b696b55cdae7a342e59a136fd5867b4f29709d2836d4f77b2540c2fe,NBA: Will Russell Westbrook win Sixth Man of the Year?,2026,TBD,TBD,NBA: Will Russell Westbrook win Sixth Man of the Year?
polymarket,0xfe47e323bf0a784cfa7b7c16305c10b714e09422b0934d3996a6ad1df32f55b5,NBA: Hawks vs. Nuggets (02/04/2023),2026,TBD,TBD,NBA: Hawks vs. Nuggets (02/04/2023)
polymarket,0xa51a381c65e088ae2f728db99dac77e8ba1776db61e6987b8ce2c674467ef9e9,NBA: Heat vs. Cavaliers (01/31/2023),2026,TBD,TBD,NBA: Heat vs. Cavaliers (01/31/2023)
polymarket,0xe6fac90ae4250a40225dacd6376c2771e653d3bc339e7ce9d9c8861ee2971659,"MLB: Who will win San Diego Padres v. Miami Marlins, scheduled for August 15, 6:40 PM ET?",2026,TBD,TBD,MLB: Who will win San Diego Padres v. Miami Marlins  scheduled for August 15  6:40 PM ET?
polymarket,0x15fb04929babc5a11ce523b1c548c829e438482d31d825e363ca00c7f1426ef3,NBA: Orlando Magic vs. Portland Trail Blazers 2023-03-05,2026,TBD,TBD,NBA: Orlando Magic vs. Portland Trail Blazers 2023-03-05
polymarket,0x19dc17f2115b81004e0b933abc2a5165aeb511c64ff41cea5307025a10314cf3,NBA: Rockets vs. Thunder (02/15/2023),2026,TBD,TBD,NBA: Rockets vs. Thunder (02/15/2023)
polymarket,0x74d53385a3f507ec01fb30489b3f37c653368cf0d0c554ec2109f560cc40b4af,NHL: Edmonton Oilers vs. Ottawa Senators 2023-03-14,2026,TBD,TBD,NHL: Edmonton Oilers vs. Ottawa Senators 2023-03-14
polymarket,0x7522753f163feaa7ac5916df8942b7fc02d0a8232d348c41c410d0f17abdd366,NHL: Toronto Maple Leafs vs. Colorado Avalanche 2023-03-15,2026,TBD,TBD,NHL: Toronto Maple Leafs vs. Colorado Avalanche 2023-03-15
polymarket,0xb93cf342f0621d730e8f050d5e1ad57b393bab10f400d768a9d679ad5798801b,NBA: Suns vs. Nets (02/07/2023),2026,TBD,TBD,NBA: Suns vs. Nets (02/07/2023)
polymarket,0x9459a2b5c12c9a9ce92768a58a54bc37a8c2c8172d11dd9842e3f457083aa0ec,NHL: Los Angeles Kings vs. Columbus Blue Jackets 2023-03-16,2026,TBD,TBD,NHL: Los Angeles Kings vs. Columbus Blue Jackets 2023-03-16
polymarket,0x6b81931cbd88e164de30979b05c430a93e42fec444192ccf539069e833f161fb,NBA: Hornets vs. Wizards (02/08/2023),2026,TBD,TBD,NBA: Hornets vs. Wizards (02/08/2023)
polymarket,0x441c2b1f38dfa12d85a32b8964a090dc58d9dea232e7c4c168e324d7b7a3c73a,NBA: Magic vs. Timberwolves (02/03/2023),2026,TBD,TBD,NBA: Magic vs. Timberwolves (02/03/2023)
polymarket,0x1c6ed01028195fc0ffcbb0fb4a0f57132fedb65456376819c104f886cff9b167,"NFL Preseason: Who will win Jacksonville Jaguars v. Las Vegas Raiders, scheduled for August 4, 8:00 PM ET?",2026,TBD,TBD,NFL Preseason: Who will win Jacksonville Jaguars v. Las Vegas Raiders  scheduled for August 4  8:00 PM ET?
polymarket,0x7d7d5102c4254160c144b8976a01bce0386c8f82ac1676cb02b3f715d1c73b09,Will U.S. inflation be greater than 0.2% from February to March 2023?,2026,TBD,TBD,Will U.S. inflation be greater than 0.2% from February to March 2023?
polymarket,0xaa64e818bc72656aedfba0164978b12685be2fc6c418180f0a7bf70184a82590,NBA: Knicks vs. Hawks (02/15/2023),2026,TBD,TBD,NBA: Knicks vs. Hawks (02/15/2023)
polymarket,0x6c82a6c538f3c4b1fbc240a65c9ca352b907efe2c469079762dcf372ad1095b2,NBA: Boston Celtics vs. New York Knicks 2023-03-05,2026,TBD,TBD,NBA: Boston Celtics vs. New York Knicks 2023-03-05
polymarket,0x9373eae5512fcabc7661f05a2477852f5eaec8b20938f0c2573cd3ac006a44f6,NHL: Montreal Canadiens vs. New Jersey Devils 2023-03-11,2026,TBD,TBD,NHL: Montreal Canadiens vs. New Jersey Devils 2023-03-11
polymarket,0x27d616ede45a165cbd287729f96e282dad1dd462074d5264a17767be6c40735f,NBA: Dallas Mavericks vs. Utah Jazz 2023-03-07,2026,TBD,TBD,NBA: Dallas Mavericks vs. Utah Jazz 2023-03-07
polymarket,0x7a7148e3e8a0eb7d8576b69aca243d86922f2389c3a52ca953eca4ad10a23781,NBA: Dallas Mavericks vs. Memphis Grizzlies 2023-03-13,2026,TBD,TBD,NBA: Dallas Mavericks vs. Memphis Grizzlies 2023-03-13
polymarket,0x507c2897a8e24f887d6deed63bfb0c4bd7580f533fcdb19ef88d3ff1824dfb77,NHL: Nashville Predators vs. Winnipeg Jets 2023-03-18,2026,TBD,TBD,NHL: Nashville Predators vs. Winnipeg Jets 2023-03-18
polymarket,0x0f1f568d63e1b5038d10715058db13648bcb4483ee075637836eefc0c9c57dd3,NBA: New York Knicks vs. Boston Celtics 2023-02-27,2026,TBD,TBD,NBA: New York Knicks vs. Boston Celtics 2023-02-27
polymarket,0x836a24bde7bcb234d08000c0d82f241a3c97916ffca10724327dc31911fdee19,NBA: Portland Trail Blazers vs. New York Knicks 2023-03-14,2026,TBD,TBD,NBA: Portland Trail Blazers vs. New York Knicks 2023-03-14
polymarket,0x6ed64c166f621d46dc14fe41dcba9d7ff39e093d7e137b74aff9da9238368ba3,NBA: New York Knicks vs. New Orleans Pelicans 2023-02-25,2026,TBD,TBD,NBA: New York Knicks vs. New Orleans Pelicans 2023-02-25
polymarket,0xd287ee3baa64680f7f18a2640d685600fe39bd5e8b5d78c2a65397157a84201d,UFC 286: Who will win - Maia or O'Neill?,2026,TBD,TBD,UFC 286: Who will win - Maia or O'Neill?
polymarket,0x6aba7ff2a6ab34441328b96d125f2a2dc6306364240b372dadf80bcaac675cfd,NHL: Vegas Golden Knights vs. Columbus Blue Jackets 2023-03-19,2026,TBD,TBD,NHL: Vegas Golden Knights vs. Columbus Blue Jackets 2023-03-19
polymarket,0x1f31f4ee59a9e93097aa483528290f17d452601f3bdf0851967e43f294a53d3b,NBA: Detroit Pistons vs. Indiana Pacers 2023-03-11,2026,TBD,TBD,NBA: Detroit Pistons vs. Indiana Pacers 2023-03-11
polymarket,0x77d10d87c7cbe2f4df4705f51880b7ed71fa2778792679290e3cda7a1d9ada07,2022 NBA Finals: Who will win Celtics vs. Warriors Game 6?,2026,TBD,TBD,2022 NBA Finals: Who will win Celtics vs. Warriors Game 6?
polymarket,0x453a50a71f850d6d4f02d35757d50dae8dc112f94d083b6eadb8dd5a5da1f7fb,NFL Sunday: Lions vs. Packers,2026,TBD,TBD,NFL Sunday: Lions vs. Packers
polymarket,0x600d4db7297f96b649df914a4085aa3b119df9082ae1be4395bfa748ee20efc2,NHL: San Jose Sharks vs. New York Islanders 2023-03-18,2026,TBD,TBD,NHL: San Jose Sharks vs. New York Islanders 2023-03-18
polymarket,0x386750dd12e6803962406465e845dd4ab2e910725a3a35e8fb74bb75032481ae,"MLB: Who will win Boston Red Sox vs. Tampa Bay Rays, scheduled for July 11, 7:10 PM ET?",2026,TBD,TBD,MLB: Who will win Boston Red Sox vs. Tampa Bay Rays  scheduled for July 11  7:10 PM ET?
polymarket,0xa5e35c6cfd2981c73542887242f95a7402bcee65f4ca84c1927208a12dae5d65,NHL: Carolina Hurricanes vs. Vegas Golden Knights 2023-03-11,2026,TBD,TBD,NHL: Carolina Hurricanes vs. Vegas Golden Knights 2023-03-11
polymarket,0x1ca05502319b4e45880fe0f107c063d89adcfa0203124343e445342604e35d4f,NHL: San Jose Sharks vs. Columbus Blue Jackets 2023-03-14,2026,TBD,TBD,NHL: San Jose Sharks vs. Columbus Blue Jackets 2023-03-14
polymarket,0x7da65687ab7ba578a15a6efc87277991084e542a0a75d24d9085f0c608815e0d,NBA: Los Angeles Lakers vs. Toronto Raptors 2023-03-10,2026,TBD,TBD,NBA: Los Angeles Lakers vs. Toronto Raptors 2023-03-10
polymarket,0xb4b0987ae586d6d9da55cefdb46bbda68b527a47ef3c1fd4aacfd55cbd26c97c,NBA: Timberwolves vs. Mavericks (02/13/2023),2026,TBD,TBD,NBA: Timberwolves vs. Mavericks (02/13/2023)
polymarket,0xb4325589c97acfeeab174f1cfd5d9396eb22a7460052178d5568adf1330a926a,NBA: Miami Heat vs. Philadelphia 76ers 2023-03-01,2026,TBD,TBD,NBA: Miami Heat vs. Philadelphia 76ers 2023-03-01
polymarket,0xa239adc1fa791d8df4e10b79bdaaf49ead33568b6fd93c7e686d038f20f9e0ad,NBA: Houston Rockets vs. Boston Celtics 2023-03-13,2026,TBD,TBD,NBA: Houston Rockets vs. Boston Celtics 2023-03-13
polymarket,0x7df8f4c7524fd0f985cb1472686766889d169a66867121d6182d904c544e2355,NBA: Nets vs. Celtics (02/01/2023),2026,TBD,TBD,NBA: Nets vs. Celtics (02/01/2023)
polymarket,0x7ddebdf5494ab7c5be794a497745bb6840cb8f86671c1c2fcdcf8a8433ce66a6,NHL: Winnipeg Jets vs. Boston Bruins 2023-03-16,2026,TBD,TBD,NHL: Winnipeg Jets vs. Boston Bruins 2023-03-16
polymarket,0x8416006eded5102881349c5ab1e15d81de7496527915db59cc76a8df7f271d69,2022 NBA Finals: Who will win Celtics vs. Warriors Game 3?,2026,TBD,TBD,2022 NBA Finals: Who will win Celtics vs. Warriors Game 3?
polymarket,0x63d90ba5d7bc37dcbb7ecdb8a3baee1d3b9d03ed75ca61456cf1cd5d36b5ca00,NHL: Philadelphia Flyers vs. Carolina Hurricanes 2023-03-18,2026,TBD,TBD,NHL: Philadelphia Flyers vs. Carolina Hurricanes 2023-03-18
polymarket,0x7784266901093dbc19d8411c57d4fc310a12878c0a135a907d3267503dac3b8c,NBA: Charlotte Hornets vs. Orlando Magic 2023-03-03,2026,TBD,TBD,NBA: Charlotte Hornets vs. Orlando Magic 2023-03-03
polymarket,0x26aaa996aca5a49dc6f953345dc040c307cc3193fd266233a552b4cb656e7b68,NBA: Raptors vs. Suns (01/30/2023),2026,TBD,TBD,NBA: Raptors vs. Suns (01/30/2023)
polymarket,0x8b46473633804e60a9090e4f378935d2039b24a5b28b5a083215829ba0b2f33b,NBA: Oklahoma City Thunder vs. Sacramento Kings 2023-02-28,2026,TBD,TBD,NBA: Oklahoma City Thunder vs. Sacramento Kings 2023-02-28
polymarket,0x754b8ba5ebb9fc680f54d68fd090a97b1338ce40dc9352a1418b850cd39d2826,NFL Sunday: 49ers vs. Eagles,2026,TBD,TBD,NFL Sunday: 49ers vs. Eagles
polymarket,0x0f0f76efa4dfc567c50fa75cd3fe4457dc88daae29a94e6ef3c75ab87753e528,NHL: Montreal Canadiens vs. New York Rangers 2023-03-09,2026,TBD,TBD,NHL: Montreal Canadiens vs. New York Rangers 2023-03-09
polymarket,0x8adac8e898ae5dcbb0badc585dc228c9d52b0e374898318f97fbbba51ff0bc4d,NBA: Lakers vs. Knicks (01/31/2023),2026,TBD,TBD,NBA: Lakers vs. Knicks (01/31/2023)
polymarket,0xa923a32d85a0a2143807bd40df3506a0d374c2db7a730a31cd1ab681e5c61271,NHL: Colorado Avalanche vs. Arizona Coyotes 2023-03-11,2026,TBD,TBD,NHL: Colorado Avalanche vs. Arizona Coyotes 2023-03-11
polymarket,0x826f97dc5541b756a6724ace82691469dece0d07b8dacb7d62c0b5393fb62387,NBA: Warriors vs. Nuggets (02/02/2023),2026,TBD,TBD,NBA: Warriors vs. Nuggets (02/02/2023)
polymarket,0x1a14f855098ea3bc7642fddbb77780ab57da2defa7278a6ba8a9ef3f2e125750,NBA: 76ers vs. Celtics (02/08/2023),2026,TBD,TBD,NBA: 76ers vs. Celtics (02/08/2023)
polymarket,0x4dc49ea1ddaf826269a5691aa1bb9d69509a0616a266d6c69448664e65169462,Will U.S. inflation be greater than -0.2% from November to December 2022?,2026,TBD,TBD,Will U.S. inflation be greater than -0.2% from November to December 2022?
polymarket,0xcd8ad5152423fb73226aa103d2a1d55bef636bb89ff5d3f7d17c4229d35b5861,NBA: Cleveland Cavaliers vs. Boston Celtics 2023-03-06,2026,TBD,TBD,NBA: Cleveland Cavaliers vs. Boston Celtics 2023-03-06
polymarket,0x4f43535fe9ac990e1f7e74ab94feec2c1790cdb4e448daf9f87949f21c89b643,NBA: Golden State Warriors vs. Milwaukee Bucks 2023-03-11,2026,TBD,TBD,NBA: Golden State Warriors vs. Milwaukee Bucks 2023-03-11
polymarket,0x94e965d56b7999246bdc4182c04d42b270d01c8538393b9b1ccb19b2e8784a66,NBA: Cleveland Cavaliers vs. Denver Nuggets 2023-02-23,2026,TBD,TBD,NBA: Cleveland Cavaliers vs. Denver Nuggets 2023-02-23
polymarket,0x0fc79291eecc7b13f4c9f76fc0c174cc5a97f29d90fdc914462bc310a4257845,NBA: Cleveland Cavaliers vs. Detroit Pistons 2023-03-04,2026,TBD,TBD,NBA: Cleveland Cavaliers vs. Detroit Pistons 2023-03-04
polymarket,0xf931c37bc0d186095d0d06066f9a8372bccd82ccf12361809b631d9ddaeeee04,"MLB: Who will win Toronto Blue Jays v. Tampa Bay Rays, scheduled for August 2, 7:10 PM ET?",2026,TBD,TBD,MLB: Who will win Toronto Blue Jays v. Tampa Bay Rays  scheduled for August 2  7:10 PM ET?
polymarket,0x442c929616c276020d4bdea825f5737d55d94457f797c44d1367919806e869ef,Will U.S. inflation be greater than 0.1% from February to March 2023?,2026,TBD,TBD,Will U.S. inflation be greater than 0.1% from February to March 2023?
polymarket,0xed48eb3739173d623584937d23b8adf49c88171f9552363ada3c4a7c0c037cf4,NHL: Detroit Red Wings vs. Chicago Blackhawks 2023-03-08,2026,TBD,TBD,NHL: Detroit Red Wings vs. Chicago Blackhawks 2023-03-08
polymarket,0x9b27b9a83cedeb8f6fa117d0b5441cf7fcd9b2eb29cd83c26a25ec43521e8917,NBA: Raptors vs. Grizzlies (02/05/2023),2026,TBD,TBD,NBA: Raptors vs. Grizzlies (02/05/2023)
polymarket,0xdf5ad4c32b4a5f3d80cd337657d70545e691a230f0208f2a47235332ef147f27,NHL: Tampa Bay Lightning vs. Winnipeg Jets 2023-03-12,2026,TBD,TBD,NHL: Tampa Bay Lightning vs. Winnipeg Jets 2023-03-12
polymarket,0xaf0c5c217716bb2fa13a3c8af74f02a03171e339e8e780d54cc9b7b0ce4ff654,NBA: Milwaukee Bucks vs. Orlando Magic 2023-03-01,2026,TBD,TBD,NBA: Milwaukee Bucks vs. Orlando Magic 2023-03-01
polymarket,,Will US enter hyperinflation by June 2023? (From @balaji),2026,TBD,TBD,Will US enter hyperinflation by June 2023? (From @balaji)
polymarket,0xf22ab1d1058164acf061e4fd7f36afa1dfa7bd652c5006cbd6d70b042d803e10,NBA: Hawks vs. Pelicans (02/07/2023),2026,TBD,TBD,NBA: Hawks vs. Pelicans (02/07/2023)
polymarket,0xb72ef066a27e3d6e74f453865a92bdc2835f88eae43cfad47d3785e518c45691,NBA: Houston Rockets vs. Chicago Bulls 2023-03-11,2026,TBD,TBD,NBA: Houston Rockets vs. Chicago Bulls 2023-03-11
polymarket,0x54402fba51fe7fafed972e4da677f6b6069c0657ebc52c36db06abcda959702f,NFL Wild Card Round: Chargers Vs. Jaguars,2026,TBD,TBD,NFL Wild Card Round: Chargers Vs. Jaguars
polymarket,0x748a11e32c1f39624fbab1cbd3068ea427afaffcd5d30f85791ee492cd977adc,NBA: Golden State Warriors vs. Phoenix Suns 2023-03-13,2026,TBD,TBD,NBA: Golden State Warriors vs. Phoenix Suns 2023-03-13
polymarket,0xdf74c0750ec21ad4c81c8f08ca9dfc2273632bdec9075b98eba96b79929295a9,NBA: Will Immanuel Quickley win Sixth Man of the Year?,2026,TBD,TBD,NBA: Will Immanuel Quickley win Sixth Man of the Year?
polymarket,0x9deb0baac40648821f96f01339229a422e2f5c877de55dc4dbf981f95a1e709c,NFL Saturday: Chiefs vs. Raiders,2026,TBD,TBD,NFL Saturday: Chiefs vs. Raiders
polymarket,0xc232bde74fc23d8bc93c6b5a32cd64d09dcfa6018e24666160cdc151a570bf6e,NBA: Denver Nuggets vs. LA Clippers 2023-02-26,2026,TBD,TBD,NBA: Denver Nuggets vs. LA Clippers 2023-02-26
polymarket,0x5317986240be3ab100ccbebeb8213ab45d1f5c502e6da17e1c9b30f9c6dcb52c,Will the Nuggets be the 2022-23 NBA Champion?,2026,TBD,TBD,Will the Nuggets be the 2022-23 NBA Champion?
polymarket,0x92e46e922e9f87353535007c0e254ec43fc97c84a4a9a11a135d6c8d5c1ddf3d,UFC 284: Who will win - Maddalena or Brown?,2026,TBD,TBD,UFC 284: Who will win - Maddalena or Brown?
polymarket,0x2a5cf651ddefca0f57f09a3eee5e1ec7372012453deb8aeada73bd0e80710123,NBA: Los Angeles Lakers vs. Golden State Warriors 2023-02-23,2026,TBD,TBD,NBA: Los Angeles Lakers vs. Golden State Warriors 2023-02-23
polymarket,0x7bc9c1311924e8dc2907dc00591b3d9528683f75924b99c436cca16dca39a28d,NBA: Bulls vs. Grizzlies (02/07/2023),2026,TBD,TBD,NBA: Bulls vs. Grizzlies (02/07/2023)
polymarket,0xe6837ecc9485f588af6858b0b307293ba1af60969fa386c59af2da8e37b1fd94,Will U.S. inflation be more than 0.2% from October to November 2022?,2026,TBD,TBD,Will U.S. inflation be more than 0.2% from October to November 2022?
polymarket,0xbcf045f209513f57cccb3e821b987c3bf04dbf046844f597161117df08652207,NBA: Houston Rockets vs. New Orleans Pelicans 2023-03-17,2026,TBD,TBD,NBA: Houston Rockets vs. New Orleans Pelicans 2023-03-17
polymarket,0x0de4ed9c811667ff9485e0f7aa3788a8db7c2147050f33defef2e2a302665433,2022 NBA Finals: Who will win Celtics vs. Warriors Game 4?,2026,TBD,TBD,2022 NBA Finals: Who will win Celtics vs. Warriors Game 4?
polymarket,0x2042a2e9113130d1669c7e9d0b5a973c8b51e35c614d41b17290f354b716ea36,NBA: Minnesota Timberwolves vs. Philadelphia 76ers 2023-03-07,2026,TBD,TBD,NBA: Minnesota Timberwolves vs. Philadelphia 76ers 2023-03-07
polymarket,0x09ed5f2e970e5c1ce81ef34a96418da159afc2334e0932f1b395c5d2319a604e,NHL: Seattle Kraken vs. Edmonton Oilers 2023-03-18,2026,TBD,TBD,NHL: Seattle Kraken vs. Edmonton Oilers 2023-03-18
polymarket,0x83babf9af3c41531c0f1bbb82c51a6fa07dcc41e1f55abc187c8d5fe8e9a4633,NBA: Boston Celtics vs. Brooklyn Nets 2023-03-03,2026,TBD,TBD,NBA: Boston Celtics vs. Brooklyn Nets 2023-03-03
polymarket,0x4276d9db726fc5cd4e301087130b2d5b788d69eefaab55dd9bdb74028432ba6f,Will US inflation be more than 0.4% from December 2022 to January 2023?,2026,TBD,TBD,Will US inflation be more than 0.4% from December 2022 to January 2023?
polymarket,0xb2835b87edf84f35410ea3f67ab405eb23cec6b28a1a3cbb74d2121b2683bddd,NBA: Minnesota Timberwolves vs. Charlotte Hornets 2023-02-24,2026,TBD,TBD,NBA: Minnesota Timberwolves vs. Charlotte Hornets 2023-02-24
polymarket,0x9dd2a37809c893a30f08ec6aeeb64e7cadcc57fbcb5daf9f0eb24533064c0bce,NBA: Wizards vs. Timberwolves (02/16/2023),2026,TBD,TBD,NBA: Wizards vs. Timberwolves (02/16/2023)
polymarket,0x9de2ca74bc26b938769f39168c96a8f064fc1c85e09a93e1f4b3392366bde33a,NBA: Phoenix Suns vs. Sacramento Kings 2023-03-11,2026,TBD,TBD,NBA: Phoenix Suns vs. Sacramento Kings 2023-03-11
polymarket,0xa1768e8079f5b9a71398729e0f353466bd31216e4e22825eef95dd20a6610bee,NBA: Oklahoma City Thunder vs. Utah Jazz 2023-03-03,2026,TBD,TBD,NBA: Oklahoma City Thunder vs. Utah Jazz 2023-03-03
polymarket,0xcdb5f97de6c7fa67609e5fd0545849b7b4e793fb8e0201848055e067a266b40e,NBA: Spurs vs. Pistons (02/10/2023),2026,TBD,TBD,NBA: Spurs vs. Pistons (02/10/2023)
polymarket,0x861b87321dbad58c882e759cfbfa342220c046f744d7e33fca88c76163a80b8a,NBA: Cavaliers vs. 76ers (02/15/2023),2026,TBD,TBD,NBA: Cavaliers vs. 76ers (02/15/2023)
polymarket,0x7bdbb78a104e7301cc9c6e0fef64bb5733c8fbe69ab8082cf26e227f91908ffa,"MLB: Who will win Cleveland Guardians v. San Diego Padres, scheduled for August 23, 9:40 PM ET?",2026,TBD,TBD,MLB: Who will win Cleveland Guardians v. San Diego Padres  scheduled for August 23  9:40 PM ET?
polymarket,0x93745569f8eae315ab44bbbd18488fd2d27e4186f46d8eaed06d8274149d0075,NBA: Heat vs. Knicks (02/02/2023),2026,TBD,TBD,NBA: Heat vs. Knicks (02/02/2023)
polymarket,0xdf50c35ec1b6d7db213643412e29fbcf7dae1559e9b409e3fce4c5f2552fd7fd,NBA: Philadelphia 76ers vs. Chicago Bulls 2023-03-20,2026,TBD,TBD,NBA: Philadelphia 76ers vs. Chicago Bulls 2023-03-20
polymarket,0xa6c757e355ebcaa746e4fd536c2569ffa351ae3e1cb5128a4b8ceb20fe3457f9,NBA: Raptors vs. Jazz (02/01/2023),2026,TBD,TBD,NBA: Raptors vs. Jazz (02/01/2023)
polymarket,0x3960e6ba226b18e349a586703c942d334325f3c026d179a7bcf8a524edaa40f4,NBA: Lakers vs. Pacers (02/02/2023),2026,TBD,TBD,NBA: Lakers vs. Pacers (02/02/2023)
polymarket,0x4e594a100e668efef3859b366d1c83ba4cc1a45b6f0344db0e7778e86f794632,NBA: Heat vs. Nets (02/15/2023),2026,TBD,TBD,NBA: Heat vs. Nets (02/15/2023)
polymarket,0xdd42e83a5365621cb1648d1d1d5f0b0b124dfa8def5dce21b6e1ae3ce0d6b81b,NBA: Nuggets vs. Timberwolves (02/05/2023),2026,TBD,TBD,NBA: Nuggets vs. Timberwolves (02/05/2023)
polymarket,0x082218e0969048f8c4a7717f119c5c7a50fe955463b6f29f8eabcd8255813b66,NHL: New Jersey Devils vs. Tampa Bay Lightning 2023-03-14,2026,TBD,TBD,NHL: New Jersey Devils vs. Tampa Bay Lightning 2023-03-14
polymarket,0x973d60a4ef9770d5950069788b6b9858de9863dbe3f28fffb3eb6cdfadeb64f2,NBA: Golden State Warriors vs. Minnesota Timberwolves 2023-02-26,2026,TBD,TBD,NBA: Golden State Warriors vs. Minnesota Timberwolves 2023-02-26
polymarket,0x8d7660da3088d01897bf73df65e73c181d74e1bcdcbe621f99ecce51ff626515,NBA: Mavericks vs. Kings (02/10/2023),2026,TBD,TBD,NBA: Mavericks vs. Kings (02/10/2023)
polymarket,0xbdfaba6bed5d76efbbca3a0f4c17aa9c2b08e6a8a2d9e20185af3c9ca8d319e1,NBA: Los Angeles Lakers vs. Dallas Mavericks 2023-03-17,2026,TBD,TBD,NBA: Los Angeles Lakers vs. Dallas Mavericks 2023-03-17
polymarket,0xfdba25c59bd0f29e598fba5edfc2ddd91fa0bd1c446b7420e5f1b64fb9bd7404,NBA: Denver Nuggets vs. Memphis Grizzlies 2023-03-03,2026,TBD,TBD,NBA: Denver Nuggets vs. Memphis Grizzlies 2023-03-03
polymarket,0x1b16522b7bf31743b2747be41584931cf0bc88992c3f761552c1f5a10a683028,NBA: Denver Nuggets vs. Brooklyn Nets 2023-03-12,2026,TBD,TBD,NBA: Denver Nuggets vs. Brooklyn Nets 2023-03-12
polymarket,0xf42f696c8c2800dddc70775d1c79345abd85587845940bf3b5a293fb40b6a62b,NBA: Brooklyn Nets vs. Sacramento Kings 2023-03-16,2026,TBD,TBD,NBA: Brooklyn Nets vs. Sacramento Kings 2023-03-16
polymarket,0xaa968e919537d995b648920cf7062e97ad1fa93448f83acbf66e83a188412aef,NBA: Jazz vs. Grizzlies (02/15/2023),2026,TBD,TBD,NBA: Jazz vs. Grizzlies (02/15/2023)
polymarket,0x9eb42a36f80698c87c8561258cc11c1a3715df070fde8ce21b46c655aec90873,NBA: Houston Rockets vs. Denver Nuggets 2023-02-28,2026,TBD,TBD,NBA: Houston Rockets vs. Denver Nuggets 2023-02-28
polymarket,0xbd57a6a434f176fbdbab6771ce91f2046a08c618d02f8f6d0beb24289e7311f9,NBA: New York Knicks vs. Brooklyn Nets 2023-03-01,2026,TBD,TBD,NBA: New York Knicks vs. Brooklyn Nets 2023-03-01
polymarket,0x03c850665aa55ee318a2286f26912f5a73dde8f07258aa7559f6618e5d119dcb,NHL: Pittsburgh Penguins vs. New York Islanders 2023-03-09,2026,TBD,TBD,NHL: Pittsburgh Penguins vs. New York Islanders 2023-03-09
polymarket,0xd2db839bff0e5451bd9e918be44d51e7ff0156925532536f3e72f583bf691365,"MLB: Who will win Chicago Cubs v. San Francisco Giants, scheduled for July 28, 9:45 PM ET?",2026,TBD,TBD,MLB: Who will win Chicago Cubs v. San Francisco Giants  scheduled for July 28  9:45 PM ET?
polymarket,0x041331990473cca09775fafaa99f7c75ab6ab27323535d8b648a5f435b022a81,NHL: New Jersey Devils vs. Tampa Bay Lightning 2023-03-16,2026,TBD,TBD,NHL: New Jersey Devils vs. Tampa Bay Lightning 2023-03-16
polymarket,0x4aab2d93da5601dc0cff2d7f946d913469806574996a786c83e2bdb78e78ea3d,NBA: Hornets vs. Bucks (01/31/2023),2026,TBD,TBD,NBA: Hornets vs. Bucks (01/31/2023)
polymarket,0x56c938c8cba96a901f001b0bb70b13c7f0df4650b658973cf38aa4c384dd910a,NHL: Pittsburgh Penguins vs. Montreal Canadiens 2023-03-14,2026,TBD,TBD,NHL: Pittsburgh Penguins vs. Montreal Canadiens 2023-03-14
polymarket,0x5a0ff447289515c213a3e96f4d54397ac7c32795d6fc150934dfd60a447c6ef3,NBA: Cavaliers vs. Pacers (02/05/2023),2026,TBD,TBD,NBA: Cavaliers vs. Pacers (02/05/2023)
polymarket,0x44baaf9f4fce83be6fc27b1e8fd5f28cd5b948cd1bce4594a40d583f660dd383,NFL Sunday: Broncos vs. Rams,2026,TBD,TBD,NFL Sunday: Broncos vs. Rams
polymarket,0x922b74803b3934b8a2049daeb185c520b30baeaeed6febe9b74453d876a4072c,NBA: Charlotte Hornets vs. Cleveland Cavaliers 2023-03-12,2026,TBD,TBD,NBA: Charlotte Hornets vs. Cleveland Cavaliers 2023-03-12
polymarket,0x16314cffb03b09fe7907e657efecd7e4549d8d7bb5106c60c186255943414158,NBA: Los Angeles Lakers vs. Golden State Warriors 2023-03-05,2026,TBD,TBD,NBA: Los Angeles Lakers vs. Golden State Warriors 2023-03-05
polymarket,0x0ca7b3ff726b4bd85961d13fdb995af512daa3bbabc47cae76e8303ecd84d06f,NBA: Chicago Bulls vs. Washington Wizards 2023-02-26,2026,TBD,TBD,NBA: Chicago Bulls vs. Washington Wizards 2023-02-26
polymarket,0x852808d01707cfb05a7607de5c013b3032a233121feb9dac7e07f8a525d21324,NFL Saturday: Eagles vs. Cowboys,2026,TBD,TBD,NFL Saturday: Eagles vs. Cowboys
polymarket,0x2f58c48e45f1deae2522eb864cdf4cd7b92b91750c5cf269fb1b3815095371f3,NBA: Mavericks vs. Nuggets (02/15/2023),2026,TBD,TBD,NBA: Mavericks vs. Nuggets (02/15/2023)
polymarket,0x2e6d778fdd50c156663f480135e25951ee12806ea431c57147fa5fee560ac984,NBA: Thunder vs. Warriors (02/06/2023),2026,TBD,TBD,NBA: Thunder vs. Warriors (02/06/2023)
polymarket,0x2fc8e11dfde785c51787bd6436692c5d15604d9b056dea63e3a643f8cf2b5f1e,NBA: Hawks vs. Suns (02/01/2023),2026,TBD,TBD,NBA: Hawks vs. Suns (02/01/2023)
polymarket,0xea3fb1012ca3aeca9130378ae1213d66baf5b9257b497ab7128cc11c7cd8f2b6,NBA: Bucks vs. Clippers (02/10/2023),2026,TBD,TBD,NBA: Bucks vs. Clippers (02/10/2023)
polymarket,0xe37e96273fad0137ed99e33d1983cbe42685751b38eebbf74d29ddb7140c953a,NBA: Oklahoma City Thunder vs. Utah Jazz 2023-03-05,2026,TBD,TBD,NBA: Oklahoma City Thunder vs. Utah Jazz 2023-03-05
polymarket,0xe2f3f4b6d10cfd0ed288ed9d57c9b39a647f59236a7024f52cb798ad0e374afa,NBA: Cavaliers vs. Wizards (02/06/2023),2026,TBD,TBD,NBA: Cavaliers vs. Wizards (02/06/2023)
polymarket,0x7ac566f42640340864c61669d12089df95709b2b80caa7f05fd3146115c7b8e7,NBA: Atlanta Hawks vs. Cleveland Cavaliers 2023-02-24,2026,TBD,TBD,NBA: Atlanta Hawks vs. Cleveland Cavaliers 2023-02-24
polymarket,0x6013aa7243f1041e8416a35aa9adb9f9c7fc12bff5ecb9d93ffdcd7c2c2e7d71,Will US inflation be greater than 0.4% from January to February 2023?,2026,TBD,TBD,Will US inflation be greater than 0.4% from January to February 2023?
polymarket,0x684cac5e30d860ae50e28b3d78f8f550f28db3393b3e3045b752846b27964d32,UFC 286: Who will win - Vettori or Dolidze?,2026,TBD,TBD,UFC 286: Who will win - Vettori or Dolidze?
polymarket,0xcdc95640b954deb377b9b88bb7f1160060b5b1589538e3a41ad06c07403cb161,NBA: New York Knicks vs. Charlotte Hornets 2023-03-07,2026,TBD,TBD,NBA: New York Knicks vs. Charlotte Hornets 2023-03-07
polymarket,0x97f86990f22eecfb7ea4424433406b0ab685ab68a77ec612aa7824cd963376e6,NHL: Calgary Flames vs. Dallas Stars 2023-03-18,2026,TBD,TBD,NHL: Calgary Flames vs. Dallas Stars 2023-03-18
polymarket,0xc711d217e8668cee635079ef8ed17d4f2c22ebbdd11ff4ff2b04763b2579417f,NBA: Pacers vs. Heat (02/08/2023),2026,TBD,TBD,NBA: Pacers vs. Heat (02/08/2023)
polymarket,0xfdc52c68d76323b76814127474e9760ba736b4295685561fb2d017de586eacef,NBA: Utah Jazz vs. Boston Celtics 2023-03-18,2026,TBD,TBD,NBA: Utah Jazz vs. Boston Celtics 2023-03-18
polymarket,0x80c05f6fdefd27e24c70d6bc49a637c64650d54d8863d624eccd0593f3d7ae50,NBA: Sacramento Kings vs. Milwaukee Bucks 2023-03-13,2026,TBD,TBD,NBA: Sacramento Kings vs. Milwaukee Bucks 2023-03-13
polymarket,0xa31069e383451a08f4294de1885ae3b4ab000cd918027a81c999e5952c9ff23a,NHL: Buffalo Sabres vs. New York Rangers 2023-03-11,2026,TBD,TBD,NHL: Buffalo Sabres vs. New York Rangers 2023-03-11
polymarket,0x65303b60df4dfeb396dfcb4104e14dfeb7f159406a8c08b5b7ac1681877cda9a,NBA: San Antonio Spurs vs. Oklahoma City Thunder 2023-03-12,2026,TBD,TBD,NBA: San Antonio Spurs vs. Oklahoma City Thunder 2023-03-12
polymarket,0x360121c64a1e14cfe9336f59e7cf66bde438ffc3852377d1a532d85d385d70ea,NBA: LA Clippers vs. Sacramento Kings 2023-02-24,2026,TBD,TBD,NBA: LA Clippers vs. Sacramento Kings 2023-02-24
polymarket,0x6f7e857106db17dc7108a83984effecc3de5fb4b9750335ecaa3c3ee04519a64,NBA: Atlanta Hawks vs. Golden State Warriors 2023-03-17,2026,TBD,TBD,NBA: Atlanta Hawks vs. Golden State Warriors 2023-03-17
polymarket,0xa425018bb7ac56541cd391ec6006a621fc7a958f53ae2a32576378acb2f92dc6,NBA: Milwaukee Bucks vs. Philadelphia 76ers 2023-03-04,2026,TBD,TBD,NBA: Milwaukee Bucks vs. Philadelphia 76ers 2023-03-04
polymarket,0x77adc94ee4262c8688191e262ef38d4c133df5bf3e7edb7e220a50df01dec7a2,NBA: Milwaukee Bucks vs. Toronto Raptors 2023-03-19,2026,TBD,TBD,NBA: Milwaukee Bucks vs. Toronto Raptors 2023-03-19
polymarket,0xea61b47990b50c35fb03749512ddf2b9e9944d8a1e88d0e36f11f440f34518f6,NBA: Chicago Bulls vs. Miami Heat 2023-03-18,2026,TBD,TBD,NBA: Chicago Bulls vs. Miami Heat 2023-03-18
polymarket,0x2c8432eb438250dd3f8a1f1610036d7b385a16e8cc28009052413825695c39ff,NBA: Hornets vs. Pistons (02/03/2023),2026,TBD,TBD,NBA: Hornets vs. Pistons (02/03/2023)
polymarket,0x6a2ffdd27c95144fd432bf3f93e50068ae12618b75ae70564eb14731182f43d7,NBA: Detroit Pistons vs. Toronto Raptors 2023-02-25,2026,TBD,TBD,NBA: Detroit Pistons vs. Toronto Raptors 2023-02-25
polymarket,0xc621a13e8386878c271f931a48c4801b1be2394975243a8e3e1ee93b51020d01,NHL: Arizona Coyotes vs. Nashville Predators 2023-03-09,2026,TBD,TBD,NHL: Arizona Coyotes vs. Nashville Predators 2023-03-09
polymarket,0xccdab2de123051cfa802b15c71ee0e5dc081ea2579bca2fe897413beaa1b1565,UFC 286: Will Kamaru Usman win by finish?,2026,TBD,TBD,UFC 286: Will Kamaru Usman win by finish?
polymarket,0xc1fe52977bc0db4b0cae7ce8c166676bbf16298ffb844671a7ef9e327d82a29f,NBA: San Antonio Spurs vs. Denver Nuggets 2023-03-10,2026,TBD,TBD,NBA: San Antonio Spurs vs. Denver Nuggets 2023-03-10
polymarket,0xeca68615d9cf454ef6c2f30f2c5c41a8e863ef7256b54c635691a163bf883e4a,NBA: Bulls vs. Nets (02/09/2023),2026,TBD,TBD,NBA: Bulls vs. Nets (02/09/2023)
polymarket,0x04db9a05de362717242f675d4d44dc490a6f4aa66fe57004689406f2c42e4a41,NBA: Chicago Bulls vs. Phoenix Suns 2023-03-03,2026,TBD,TBD,NBA: Chicago Bulls vs. Phoenix Suns 2023-03-03
polymarket,0xbe5522b50b59cae5645f01470783c2f502191d32ef9ecb6afbfd398be3d61711,NFL Saturday: Titans vs. Jaguars,2026,TBD,TBD,NFL Saturday: Titans vs. Jaguars
polymarket,0x6252e8030bf93d85ef8b6354b1f463ffd27fd1da10755adce4167abaee563621,NBA: Bucks vs. Lakers (02/09/2023),2026,TBD,TBD,NBA: Bucks vs. Lakers (02/09/2023)
polymarket,0x88975f0c24f7b623bb6e157586958af54c2f2f3ef8454b514f9ab5a6e58d3001,NBA: Pacers vs. Wizards (02/11/2023),2026,TBD,TBD,NBA: Pacers vs. Wizards (02/11/2023)
polymarket,0xa176093a98d710b81b9a4d0d57b151fd8c0053bf9796778358be5abea3085547,Will U.S. inflation be more than 0.1% from October to November 2022?,2026,TBD,TBD,Will U.S. inflation be more than 0.1% from October to November 2022?
polymarket,0xa3e7e47ccd65d78d48d1cbe0016a14346c027fa8a25e964d1ee6d3e395b05514,NBA: Oklahoma City Thunder vs. Brooklyn Nets 2023-03-14,2026,TBD,TBD,NBA: Oklahoma City Thunder vs. Brooklyn Nets 2023-03-14
polymarket,0x1a691ea85d6b7e79c76d3c85a8a1069916d8e8629e4a5a9648e5287eb720999d,NBA: Wizards vs. Trail Blazers (02/14/2023),2026,TBD,TBD,NBA: Wizards vs. Trail Blazers (02/14/2023)
polymarket,0x180689754c5b3fe77d317a2c66a54eac07e96e426385e9200fcbb004f097e9aa,NBA: Boston Celtics vs. Cleveland Cavaliers 2023-03-01,2026,TBD,TBD,NBA: Boston Celtics vs. Cleveland Cavaliers 2023-03-01
polymarket,0x2e8291f8a108113f1218fa771d1a7ea8a532b0d651b6e01a3b81390a371fdad3,NBA: Rockets vs. 76ers (02/13/2023),2026,TBD,TBD,NBA: Rockets vs. 76ers (02/13/2023)
polymarket,0xb4c265d60d409d7615d189778859432be771e95bf0468e2433a2d653918c91c4,NBA: Charlotte Hornets vs. Utah Jazz 2023-03-11,2026,TBD,TBD,NBA: Charlotte Hornets vs. Utah Jazz 2023-03-11
polymarket,0x491e945297cd445eb8c2a424ba37b68df74ec0c539b3dc25bdbc1520262298ba,NBA: New Orleans Pelicans vs. Los Angeles Lakers 2023-03-14,2026,TBD,TBD,NBA: New Orleans Pelicans vs. Los Angeles Lakers 2023-03-14
polymarket,0xd751631eff8b8b5f90d3967b5be243834f966e486aea153fa7f46e10e6aef4d9,NBA: Brooklyn Nets vs. Milwaukee Bucks 2023-02-28,2026,TBD,TBD,NBA: Brooklyn Nets vs. Milwaukee Bucks 2023-02-28
polymarket,0x12ed0febce7826a8aacc033e71f4c354571829f2f6700b52fd38226dc930e0d3,NHL: Seattle Kraken vs. Dallas Stars 2023-03-11,2026,TBD,TBD,NHL: Seattle Kraken vs. Dallas Stars 2023-03-11
polymarket,0xb1e57b286dbc90414a978601171e1e429dded2dd1fd8c15b4fc91ff67944280d,NHL: Seattle Kraken vs. Ottawa Senators 2023-03-09,2026,TBD,TBD,NHL: Seattle Kraken vs. Ottawa Senators 2023-03-09
polymarket,0x2ff652af5ec6fb924bd13a725f0612b0f004e4a51351daad5772bbeba0e1ce59,NHL: Buffalo Sabres vs. Boston Bruins 2023-03-19,2026,TBD,TBD,NHL: Buffalo Sabres vs. Boston Bruins 2023-03-19
polymarket,0x5e2d7783eb70c34b0de72882bb310fa1f07c52d6feabbd395af85ac43ceec6cd,"MLB: Who will win New York Mets v. Chicago Cubs, scheduled for July 14, 8:05 PM ET?",2026,TBD,TBD,MLB: Who will win New York Mets v. Chicago Cubs  scheduled for July 14  8:05 PM ET?
polymarket,0xe3fdc7a0cc659873905a75db7b8cbfb1a67caef34d588b89c64996033ed56441,NHL: Los Angeles Kings vs. Vancouver Canucks 2023-03-18,2026,TBD,TBD,NHL: Los Angeles Kings vs. Vancouver Canucks 2023-03-18
polymarket,0xb20c3ba756abc73ac6511ed2441098c44c7a8ae49d2932e0c4991075a2e52c83,NBA: Hornets vs. Bulls (02/02/2023),2026,TBD,TBD,NBA: Hornets vs. Bulls (02/02/2023)
polymarket,0xbf12875ad1cc43a939b556749fa2fb1a9635c30a785e8b4ea530ef0f82acd06e,NBA: Portland Trail Blazers vs. Houston Rockets 2023-02-26,2026,TBD,TBD,NBA: Portland Trail Blazers vs. Houston Rockets 2023-02-26
polymarket,0xf8b277b34e86597fd2d522edcec223d36b8d744a164f2d80d78a81274b48eac2,NBA: Sacramento Kings vs. LA Clippers 2023-03-03,2026,TBD,TBD,NBA: Sacramento Kings vs. LA Clippers 2023-03-03
polymarket,0xee1ba8881abd51edda6623163207451fdd811c953eaf860d2a7c7fbdc74e41c1,NBA: Spurs vs. Hornets (02/15/2023),2026,TBD,TBD,NBA: Spurs vs. Hornets (02/15/2023)
polymarket,0x41d92ef0532a10cc302734a508d453b0e0596572a87a1e7cd26c3eb096af0389,NBA: Pistons vs. Mavericks (01/30/2023),2026,TBD,TBD,NBA: Pistons vs. Mavericks (01/30/2023)
polymarket,0x9601905222bfb48b61b505a251d645faf017a312ebc7ade4b447c3632b682910,NFL Saturday: Raiders vs. Steelers,2026,TBD,TBD,NFL Saturday: Raiders vs. Steelers
polymarket,0x4dde757d9a1db866be1f619574b05976a11b13769cdd58f2c71904bfa6e19661,NBA: Philadelphia 76ers vs. Portland Trail Blazers 2023-03-10,2026,TBD,TBD,NBA: Philadelphia 76ers vs. Portland Trail Blazers 2023-03-10
polymarket,0xb1c8f7b68807e6b39fac87a0f6a29ee6f006890d343becc922d0590c8424e258,NHL: Tampa Bay Lightning vs. Chicago Blackhawks 2023-03-11,2026,TBD,TBD,NHL: Tampa Bay Lightning vs. Chicago Blackhawks 2023-03-11
polymarket,0x5a39c3109a14e6ce9154d74cb23a9834689efdbfbc22e436c25ed9c305ddb19c,Will US inflation be greater than 0.6% from January to February 2023?,2026,TBD,TBD,Will US inflation be greater than 0.6% from January to February 2023?
polymarket,0xe023d544352833115f5c7a2bc89aba8216adf5bc91de4f59887f0fdc5a682784,Will U.S. inflation be greater than -0.3% from November to December 2022?,2026,TBD,TBD,Will U.S. inflation be greater than -0.3% from November to December 2022?
polymarket,0x3829e6f52c9b950d3211fed647e6d6b0f671497d2941d2b2c31488dd022be764,NBA: San Antonio Spurs vs. Dallas Mavericks 2023-03-15,2026,TBD,TBD,NBA: San Antonio Spurs vs. Dallas Mavericks 2023-03-15
polymarket,0xbf89e16bfd04ad460432bc570a9b856cdc5223a99f205b33d14fb7f4b2e2b993,NHL: St. Louis Blues vs. Minnesota Wild 2023-03-15,2026,TBD,TBD,NHL: St. Louis Blues vs. Minnesota Wild 2023-03-15
polymarket,0x665b3ebaad5140dd834a56d90a222ee5a736d750e213b0904c0e1a40ffd307f8,Will U.S. inflation be greater than 0.3% from January to February 2023?,2026,TBD,TBD,Will U.S. inflation be greater than 0.3% from January to February 2023?
polymarket,0x9be4915ed263c3cefe52e999cdbf2ada9aa3f576bdd6d0f55369b59b43e9e381,"MLB: Who will win New York Yankees v. New York Mets, scheduled for July 26, 7:10 PM ET?",2026,TBD,TBD,MLB: Who will win New York Yankees v. New York Mets  scheduled for July 26  7:10 PM ET?
polymarket,0xdf2d6bf2132264aa60430c7b727add39c9df031e89c248774a3a2acfde53c505,NHL: Anaheim Ducks vs. Nashville Predators 2023-03-12,2026,TBD,TBD,NHL: Anaheim Ducks vs. Nashville Predators 2023-03-12
polymarket,0x3ba907d50b900410c48424f63c673313453a30dc43de84eeb7461c578e1b7b1a,UFC 286: Who will win - Gaethje or Fiziev?,2026,TBD,TBD,UFC 286: Who will win - Gaethje or Fiziev?
polymarket,0x88692fa531c0de59d16120f7a101024aa7c0b179af91a90ff75f6e69472998f9,NBA: Dallas Mavericks vs. Los Angeles Lakers 2023-02-26,2026,TBD,TBD,NBA: Dallas Mavericks vs. Los Angeles Lakers 2023-02-26
polymarket,0x64aa7fc8f80c4826391bb14c5d2502e2aa601d3bbc520bbb8124a93bd10712c1,NBA: Pelicans vs. Lakers (02/15/2023),2026,TBD,TBD,NBA: Pelicans vs. Lakers (02/15/2023)
polymarket,0xab38bcd9f008428d37d2af324eaa6d6e0313f5975ffb025094bfa3a46a284938,NBA: Hawks vs. Jazz (02/03/2023),2026,TBD,TBD,NBA: Hawks vs. Jazz (02/03/2023)
polymarket,0x563f0886702a0e5ac805681bf0882d618b185ea842966e42b3c2095eedad7f32,NBA: LA Clippers vs. Toronto Raptors 2023-03-08,2026,TBD,TBD,NBA: LA Clippers vs. Toronto Raptors 2023-03-08
polymarket,0xc419a455c459285dcd6eac5deeeed615f1f89035eca3bb5c38f536ef27b80086,NBA: Washington Wizards vs. Sacramento Kings 2023-03-18,2026,TBD,TBD,NBA: Washington Wizards vs. Sacramento Kings 2023-03-18
polymarket,0x0a9bac646cc625db0d51b3edd5859f627bde0865e09930e7316249904458f78a,NHL: Detroit Red Wings vs. Florida Panthers 2023-03-20,2026,TBD,TBD,NHL: Detroit Red Wings vs. Florida Panthers 2023-03-20
polymarket,0xc29794e9709a41245ddb98c3ee9efc1a0ed867009507032e1eb6eebd48d10392,NBA: Oklahoma City Thunder vs. Phoenix Suns 2023-03-19,2026,TBD,TBD,NBA: Oklahoma City Thunder vs. Phoenix Suns 2023-03-19
polymarket,0x181e5e999daa366fd2305177bb9ed34e66e6890a991a9df5fc3fed03f1f8e334,NBA: Phoenix Suns vs. Oklahoma City Thunder 2023-03-08,2026,TBD,TBD,NBA: Phoenix Suns vs. Oklahoma City Thunder 2023-03-08
polymarket,0x5994333d42ad567ee60f0429f09d63ce0ac67a09f2be867b79de8022306c875c,NHL: Anaheim Ducks vs. New York Islanders 2023-03-15,2026,TBD,TBD,NHL: Anaheim Ducks vs. New York Islanders 2023-03-15
polymarket,0xcb22dd333cdb6834dfd97b366862986ca46130c669198a4dcff3ace532efc278,NFL Wild Card Round: Giants vs. Vikings,2026,TBD,TBD,NFL Wild Card Round: Giants vs. Vikings
polymarket,0xe5a029f42e1618ae415779db6d380514328039ee78248708b6f0f952e8cc4b73,NBA: Nuggets vs. Heat (02/13/2023),2026,TBD,TBD,NBA: Nuggets vs. Heat (02/13/2023)
polymarket,0xe44dfe87350aad93f737b2e57d023b69bafae522fe1c939573ef48240feebd71,NBA: Detroit Pistons vs. Indiana Pacers 2023-03-13,2026,TBD,TBD,NBA: Detroit Pistons vs. Indiana Pacers 2023-03-13
polymarket,0x9ea0c01255e588cc416ae45e0f9a5693ff4841cadb9c497ff26a509b6229442b,"MLB: Who will win New York Mets vs. Atlanta Braves, scheduled for July 12, 7:20 PM ET?",2026,TBD,TBD,MLB: Who will win New York Mets vs. Atlanta Braves  scheduled for July 12  7:20 PM ET?
polymarket,0xe91873c5923b0c54073652a1734be4cb9d2e2280b6976e133871927a1d1b76bc,NHL: Los Angeles Kings vs. New York Islanders 2023-03-14,2026,TBD,TBD,NHL: Los Angeles Kings vs. New York Islanders 2023-03-14
polymarket,0x62183cd6b474de53be4c710b53703d00969dda05f73fadf8f19d5569be2a0a7c,Will US inflation be more than 0.3% from December 2022 to January 2023?,2026,TBD,TBD,Will US inflation be more than 0.3% from December 2022 to January 2023?
polymarket,0x63607be55aa8f3889941dae30af473a39f4c40939a5ebaf8fe62618f45444689,UFC Fight Night: Who will win - Ige vs. Jackson,2026,TBD,TBD,UFC Fight Night: Who will win - Ige vs. Jackson
polymarket,0x9794dca7016f0775a8052fdcdbb87172f91be07742dc4e587eb61f30f3e4118c,NBA: Denver Nuggets vs. Chicago Bulls 2023-03-08,2026,TBD,TBD,NBA: Denver Nuggets vs. Chicago Bulls 2023-03-08
polymarket,0x5cad07ed712bb61487ee209f14bea3da675c3c1c24ab4c8eeaca4ac60e545f9b,NFL Sunday: Giants vs. Eagles,2026,TBD,TBD,NFL Sunday: Giants vs. Eagles
polymarket,0x3ba5144d62c8a1235ff27e32f3015d8501a3b4d46b6f3889f9e67554ccb6d452,NHL: Philadelphia Flyers vs. Buffalo Sabres 2023-03-17,2026,TBD,TBD,NHL: Philadelphia Flyers vs. Buffalo Sabres 2023-03-17
polymarket,0x3a8aae15dc66deeac45803e47583a1eeaab9a64a14d52a4b2bd74389f339b4d2,NBA: Bucks vs. Trail Blazers (02/06/2023),2026,TBD,TBD,NBA: Bucks vs. Trail Blazers (02/06/2023)
polymarket,0x1b804476264430dab04c04631e68193dbcc18dd2c2a5db4500f917045f20a4ec,NBA: Wizards vs. Nets (02/04/2023),2026,TBD,TBD,NBA: Wizards vs. Nets (02/04/2023)
polymarket,0x80dcb010ea53350c0a67f018c861d11239e5638de7d7c779510a7177cf1a1974,NFL Monday: Bills vs. Bengals,2026,TBD,TBD,NFL Monday: Bills vs. Bengals
polymarket,0xee648b8089c91a3e9189ca202a386814e3ea0d00b15596706419e715141679ce,NBA: Spurs vs. Raptors (02/08/2023),2026,TBD,TBD,NBA: Spurs vs. Raptors (02/08/2023)
polymarket,0x14a4b4e52df22a8030f7c2c2c22a85b44bcf9c7e7a1ce6469b12e9dcf20da4f4,NBA: San Antonio Spurs vs. Memphis Grizzlies 2023-03-17,2026,TBD,TBD,NBA: San Antonio Spurs vs. Memphis Grizzlies 2023-03-17
polymarket,0x2d7b8db2d56065c9b2d94df5d17e8128a6a5f2144fb4081ca10a7f4b1e3b82d6,NBA: New Orleans Pelicans vs. Oklahoma City Thunder 2023-03-11,2026,TBD,TBD,NBA: New Orleans Pelicans vs. Oklahoma City Thunder 2023-03-11
polymarket,0x2277e0a3af6c289c220ea72e0fb833d79df6cf3dbdc30ef417aba5b51c7c9130,NBA: Miami Heat vs. Atlanta Hawks 2023-03-04,2026,TBD,TBD,NBA: Miami Heat vs. Atlanta Hawks 2023-03-04
polymarket,0xcf98c438e75dc4fdc25b1e48de23adffdc4a15be9cc89f5b73721198820820c1,NBA: Suns vs. Pistons (02/04/2023),2026,TBD,TBD,NBA: Suns vs. Pistons (02/04/2023)
polymarket,0x8522f1ccbfc3ca142dba6581e9a03fe19878bd9dbf63c14c852af646e3cec0f4,NFL Thursday: Jaguars vs. Jets,2026,TBD,TBD,NFL Thursday: Jaguars vs. Jets
polymarket,0xe17a0a6cf7ba8037e7ff4d21aa52dad1225ceb688e5d7634581a33d470231b8a,2022 NBA Finals: Who will win Celtics vs. Warriors Game 5?,2026,TBD,TBD,2022 NBA Finals: Who will win Celtics vs. Warriors Game 5?
polymarket,0x3bb9de24c8b9ff7315af83dbb3e1b870681f465ffd4a061ce37cfc4809df8055,NBA: Houston Rockets vs. New Orleans Pelicans 2023-03-19,2026,TBD,TBD,NBA: Houston Rockets vs. New Orleans Pelicans 2023-03-19
polymarket,0x3fec08780b92553b43a75393903916eda665bca23f1a4a8939260112d15833d8,NBA: Detroit Pistons vs. Charlotte Hornets 2023-03-09,2026,TBD,TBD,NBA: Detroit Pistons vs. Charlotte Hornets 2023-03-09
polymarket,0x069e4a36a50972cfb19800b373ff6013eb311c5db70ac18ce9970a5f9ffd617f,2022 NBA Finals: Who will win Celtics vs. Warriors Game 2?,2026,TBD,TBD,2022 NBA Finals: Who will win Celtics vs. Warriors Game 2?
polymarket,0x762c0f5ae8f763fdeef9cb72cf1e206b498a19acdcdbdba1708a344b0190a5f7,NBA: Detroit Pistons vs. Chicago Bulls 2023-03-01,2026,TBD,TBD,NBA: Detroit Pistons vs. Chicago Bulls 2023-03-01
polymarket,0x37907950cb9d8ec431ac5a3076f9ea7f5583a49080e3ad056c2a412a6e0d2972,NBA: Indiana Pacers vs. Philadelphia 76ers 2023-03-06,2026,TBD,TBD,NBA: Indiana Pacers vs. Philadelphia 76ers 2023-03-06
polymarket,0x087a8dc58ae6b7a028e5d98b2b7c3e55f625c291ddcfb56082173eb85a5f20f4,NBA: Los Angeles Lakers vs. Memphis Grizzlies 2023-03-07,2026,TBD,TBD,NBA: Los Angeles Lakers vs. Memphis Grizzlies 2023-03-07
polymarket,0xd323f4759109ab33b528ceaa3756e4fc289888c5e3af2a7f9bd51fdce5183083,NBA: Charlotte Hornets vs. Miami Heat 2023-02-25,2026,TBD,TBD,NBA: Charlotte Hornets vs. Miami Heat 2023-02-25
polymarket,0x360645970294052a2e7e8e33e2f6190465f800631d6916d3b5d54670cf471050,NBA: Jazz vs. Raptors (02/10/2023),2026,TBD,TBD,NBA: Jazz vs. Raptors (02/10/2023)
polymarket,0x88f1cd323510b497f2c8c91f1f277d78019085ccb326f3312aa162054ac9196c,NBA: Timberwolves vs. Grizzlies (02/10/2023),2026,TBD,TBD,NBA: Timberwolves vs. Grizzlies (02/10/2023)
polymarket,0x37e706acb817683b870884e71ca29fece00025e8d3a567c76166314d599341fe,NBA: Denver Nuggets vs. Toronto Raptors 2023-03-06,2026,TBD,TBD,NBA: Denver Nuggets vs. Toronto Raptors 2023-03-06
polymarket,0x5e5172329111b4ee0c810f2c96f30a5967e9dd283ed8a4f27fff5056246b2141,NFL Sunday: Steelers vs. Ravens,2026,TBD,TBD,NFL Sunday: Steelers vs. Ravens
polymarket,0xeecb635ac590bf51d94b8e3b976f2968c22de60d51e714ad0a856535873997d4,NBA: Memphis Grizzlies vs. Dallas Mavericks 2023-03-11,2026,TBD,TBD,NBA: Memphis Grizzlies vs. Dallas Mavericks 2023-03-11
polymarket,0x6b49e48e37f60301f89ae8c969f733a4acf6ddd0472319b90e9ff7d24126df77,NBA: Orlando Magic vs. Detroit Pistons 2023-02-23,2026,TBD,TBD,NBA: Orlando Magic vs. Detroit Pistons 2023-02-23
polymarket,0x5837d875a108e295b0ec51e84ddea38f1182737bbb4737a1515b81e762f643e6,NBA: Detroit Pistons vs. Miami Heat 2023-03-19,2026,TBD,TBD,NBA: Detroit Pistons vs. Miami Heat 2023-03-19
polymarket,0x1dff22fe2b94dbad4f5af997beaff30b5aeb9fdd427ef0515399bcb0a037c3ce,NBA: Detroit Pistons vs. Denver Nuggets 2023-03-16,2026,TBD,TBD,NBA: Detroit Pistons vs. Denver Nuggets 2023-03-16
polymarket,0xacd5c84725d0e6ea5a6c2483763e272a2154ec565131cbb761e4eb83560ff184,NFL Sunday: Cowboys vs. 49ers,2026,TBD,TBD,NFL Sunday: Cowboys vs. 49ers
polymarket,0x3c8c1cf42f3802679f814a740f690307cdc3506bcf88fad4735d1f0a00dd33e8,NHL: Anaheim Ducks vs. Vancouver Canucks 2023-03-19,2026,TBD,TBD,NHL: Anaheim Ducks vs. Vancouver Canucks 2023-03-19
polymarket,0x14d02e38482b6db2e13658aa129bc00118610076d1ac17d260c47b8626dd9046,NBA: Charlotte Hornets vs. Philadelphia 76ers 2023-03-17,2026,TBD,TBD,NBA: Charlotte Hornets vs. Philadelphia 76ers 2023-03-17
polymarket,0x83a6a04198c2708ca54086e513291ff55d0086b4783f0c49740645acba90d257,NHL: Washington Capitals vs. Buffalo Sabres 2023-03-15,2026,TBD,TBD,NHL: Washington Capitals vs. Buffalo Sabres 2023-03-15
polymarket,0x019b20c34355ab2c92bdc52068163d5a32c557dbbf823903baf001f472ffa2b3,NBA: Sacramento Kings vs. Minnesota Timberwolves 2023-03-04,2026,TBD,TBD,NBA: Sacramento Kings vs. Minnesota Timberwolves 2023-03-04
polymarket,0x08fea9f2d11a686f8865dddbdf9f31cd74a4200d34ebf47e58660bd58b1bc92a,NBA: Philadelphia 76ers vs. Washington Wizards 2023-03-12,2026,TBD,TBD,NBA: Philadelphia 76ers vs. Washington Wizards 2023-03-12
polymarket,0x21f74a7aa37d5c48e5c0fdebd69375ec48504a0bcc098ae5a008d173f8558a0b,NBA: Washington Wizards vs. Milwaukee Bucks 2023-03-05,2026,TBD,TBD,NBA: Washington Wizards vs. Milwaukee Bucks 2023-03-05
polymarket,0x5eb98990f95a673bd6a438c47d8f5bd835a255b87b42a88123fa92c653859c3b,"MLB: Who will win Minnesota Twins v. Los Angeles Dodgers, scheduled for August 10, 10:10 PM ET?",2026,TBD,TBD,MLB: Who will win Minnesota Twins v. Los Angeles Dodgers  scheduled for August 10  10:10 PM ET?
polymarket,0xde07e1ba5613a883e35039c531cad13e5bb2bbf5e58a54837076ff5cd9d3ac34,NBA All-Star Game: Team Giannis vs. Team Lebron,2026,TBD,TBD,NBA All-Star Game: Team Giannis vs. Team Lebron
polymarket,0x4a88876fd205df8b2fef28be32a0061d2e27ad4f919c59da28e3f1f669f56764,NHL: Boston Bruins vs. Detroit Red Wings 2023-03-11,2026,TBD,TBD,NHL: Boston Bruins vs. Detroit Red Wings 2023-03-11
polymarket,0x2c4dbf9f104a9788e65748b3e5197b7f41ac1d77e4c215ccf0c19e3c5c7db424,NHL: Arizona Coyotes vs. Calgary Flames 2023-03-14,2026,TBD,TBD,NHL: Arizona Coyotes vs. Calgary Flames 2023-03-14
polymarket,0xe97e5c12774c0fe788da618bf97902c922dce02651c2723e9e8703549b40173a,NBA: Warriors vs. Timberwolves (02/01/2023),2026,TBD,TBD,NBA: Warriors vs. Timberwolves (02/01/2023)
polymarket,0x83478b74ffbdbd8fa4115eb1d18cd1a4c538dee81a9e9e8614dc594cbf0e513c,NBA: San Antonio Spurs vs. Indiana Pacers 2023-03-02,2026,TBD,TBD,NBA: San Antonio Spurs vs. Indiana Pacers 2023-03-02
polymarket,0xb22262c23d0d4452a82324f3bfa8a11d3afeec1c30a5d71da334198eca65efa7,NHL: St. Louis Blues vs. Vegas Golden Knights 2023-03-12,2026,TBD,TBD,NHL: St. Louis Blues vs. Vegas Golden Knights 2023-03-12
polymarket,0x8d03ffacb39e355413dfbed8c8888a28a26f2305f04edfde521d95fa9bd3cc2d,NBA: Timberwolves vs. Nuggets (02/07/2023),2026,TBD,TBD,NBA: Timberwolves vs. Nuggets (02/07/2023)
polymarket,0xacfc27ee95d80919e09e7f6e545ea8d009ac3eb99ff28130189460412bffd638,UFC 284: Who will win - Rodriguez or Emmett?,2026,TBD,TBD,UFC 284: Who will win - Rodriguez or Emmett?
polymarket,0x8ffba93195be832e9febb79f9983a145af56278597cde8a68e94011306fa8a3b,NHL: Pittsburgh Penguins vs. Philadelphia Flyers 2023-03-11,2026,TBD,TBD,NHL: Pittsburgh Penguins vs. Philadelphia Flyers 2023-03-11
polymarket,0xc50ed4ed41f97b79e9f75b8d08eb3dd1a3d6a1dabe9e92bdff5aef7a177edfde,NHL: Tampa Bay Lightning vs. Vegas Golden Knights 2023-03-09,2026,TBD,TBD,NHL: Tampa Bay Lightning vs. Vegas Golden Knights 2023-03-09
polymarket,0x704a562f12774cf92bb103a75e853c125973370d6c90d39d9eacfbf4a7eb76b6,NHL: Arizona Coyotes vs. Vancouver Canucks 2023-03-16,2026,TBD,TBD,NHL: Arizona Coyotes vs. Vancouver Canucks 2023-03-16
polymarket,0xc50c53224dc32d12ea75c45560784dbc55cd350a5aeb3f2c85375bd1cf0079dc,NFL Sunday: Bengals vs. Chiefs,2026,TBD,TBD,NFL Sunday: Bengals vs. Chiefs
polymarket,0x760145896243fbcce0bcd4cc9c7e27fbe970af76378a4dc5d969fb1cffb78787,NFL Saturday: Giants vs. Vikings,2026,TBD,TBD,NFL Saturday: Giants vs. Vikings
polymarket,0x0a935e369d32f5d27bc363335e1169987d111bf3176c62b63bcdb5ab832e8b89,NBA: Milwaukee Bucks vs. Brooklyn Nets 2023-03-09,2026,TBD,TBD,NBA: Milwaukee Bucks vs. Brooklyn Nets 2023-03-09
polymarket,0xbe25fae27c2a6d94a11f5b69ac351dfc05787db892bdcc1f1dc08162d357fe67,NBA: Indiana Pacers vs. Boston Celtics 2023-02-23,2026,TBD,TBD,NBA: Indiana Pacers vs. Boston Celtics 2023-02-23
polymarket,0xac0b11e07918ac006c23da3d0795bb9c9f5a7171bf944a3b852cb3521732b837,NBA: Chicago Bulls vs. Indiana Pacers 2023-03-05,2026,TBD,TBD,NBA: Chicago Bulls vs. Indiana Pacers 2023-03-05
polymarket,0xd1107321e2debac95ae3ae3e09c8bbce929fdc269ff098a203c749ff5f27f8eb,NBA: Pistons vs. Raptors (02/12/2023),2026,TBD,TBD,NBA: Pistons vs. Raptors (02/12/2023)
polymarket,0x2aadc06d31a93098e28fd00cbccc5c818b1b4ee46541f3624cc52cf6c96d9f42,NHL: Calgary Flames vs. Ottawa Senators 2023-03-12,2026,TBD,TBD,NHL: Calgary Flames vs. Ottawa Senators 2023-03-12
polymarket,0x557051063747cbc5b98b058050f98df8e9b1b32d71470c67eaec8fc5541c70bd,Will Aaron Rodgers be Traded by NFL week 1?,2026,TBD,TBD,Will Aaron Rodgers be Traded by NFL week 1?
polymarket,0x35daec974eefd9a913442c0338578a3d316c03cadcca5b7dba9668172f918bfc,NHL: Nashville Predators vs. Chicago Blackhawks 2023-03-16,2026,TBD,TBD,NHL: Nashville Predators vs. Chicago Blackhawks 2023-03-16
polymarket,0x4453baea300de6a0af06e06a2f49e1fe0ff1f442db61701035f374fd8ffb4812,NHL: Seattle Kraken vs. Dallas Stars 2023-03-13,2026,TBD,TBD,NHL: Seattle Kraken vs. Dallas Stars 2023-03-13
polymarket,0x768654e0d1131d86905fa275e7c1c3d9e5fe5857c54a8123430223c3d7a0f246,NBA: Nuggets vs. Hornets (02/11/2023),2026,TBD,TBD,NBA: Nuggets vs. Hornets (02/11/2023)
polymarket,0x13af4cfe359902f39d876985196a3f3e60d50185f6c131f06a3285d65684b1b2,NBA: Thunder vs. Trail Blazers (02/10/2023),2026,TBD,TBD,NBA: Thunder vs. Trail Blazers (02/10/2023)
polymarket,0x035f3645ca52468188f3a108bd5dcac9ea92f6f16c1f66291be6e4312ec26d4c,NBA: Memphis Grizzlies vs. Golden State Warriors 2023-03-18,2026,TBD,TBD,NBA: Memphis Grizzlies vs. Golden State Warriors 2023-03-18
polymarket,0x86f1971cee2ee42e28eabfa2fbb4a6d3d281485946c80ae54089b35554e39513,NBA: Golden State Warriors vs. Houston Rockets 2023-02-24,2026,TBD,TBD,NBA: Golden State Warriors vs. Houston Rockets 2023-02-24
polymarket,0xafbc3b6d12834f11bfb9cab32c052f80d52fe520fbe889b7f0986a35db3984e6,UFC 285: Who will win - Jones or Gane?,2026,TBD,TBD,UFC 285: Who will win - Jones or Gane?
polymarket,0x66608f87304fcab9e5bfd2524919d76db781566e8c39cded67679a6a95f3da45,NBA: Nets vs. Knicks (02/13/2023),2026,TBD,TBD,NBA: Nets vs. Knicks (02/13/2023)
polymarket,0xa98cee6c5f1ab806f626ffd144ab88534d6d1934edfb74d858ece495b29b3072,NBA: Chicago Bulls vs. Sacramento Kings 2023-03-15,2026,TBD,TBD,NBA: Chicago Bulls vs. Sacramento Kings 2023-03-15
polymarket,0xc0e4863d7210ca63374ffe3305502d4d21c32a53fa33961c67bcb53d63e1cc79,Will US inflation be more than 0.2% from December 2022 to January 2023?,2026,TBD,TBD,Will US inflation be more than 0.2% from December 2022 to January 2023?
polymarket,0xfbca98652aa9e99fe355d0b75f9c4a751738545f842e81be1712b344ed17bdb2,NBA: Clippers vs. Nets (02/06/2023),2026,TBD,TBD,NBA: Clippers vs. Nets (02/06/2023)
polymarket,0x3174a547b0d668f7729db296b18642af4a9055d204df93e506b1cf9af965abd0,NBA: Mavericks vs. Warriors (02/04/2023),2026,TBD,TBD,NBA: Mavericks vs. Warriors (02/04/2023)
polymarket,0x86d86a245bb6acf0ab887c075769512502650f3e34ab8f89029fc898bce00eac,NBA: Mavericks vs. Kings (02/11/2023),2026,TBD,TBD,NBA: Mavericks vs. Kings (02/11/2023)
polymarket,0x849de87ebcca7811a75bcfc617124dbc2438d346c0f438523a852e9bcefaafb6,NBA: Milwaukee Bucks vs. Miami Heat 2023-02-24,2026,TBD,TBD,NBA: Milwaukee Bucks vs. Miami Heat 2023-02-24
polymarket,0xcb5611a475b3897eae0173ec83591d34e03fa1cd68a771cd81e22720f4e746fd,Will Nikola Jokic win 2023 NBA MVP?,2026,TBD,TBD,Will Nikola Jokic win 2023 NBA MVP?
polymarket,0xf23635826dbe6cc454ea8b5d7c75c2f77eeebea4c217f7d4602758cfaa955bfe,NBA: Knicks vs. 76ers (02/10/2023),2026,TBD,TBD,NBA: Knicks vs. 76ers (02/10/2023)
polymarket,0x63458a6d93cba729347da8fb214e3941fd255078c7f210f3d697964c6a43c659,NHL: St. Louis Blues vs. Winnipeg Jets 2023-03-19,2026,TBD,TBD,NHL: St. Louis Blues vs. Winnipeg Jets 2023-03-19
polymarket,0xad6d3b36e1450736867dea17c4e79f3cfe460a67d547319be114b10c8b0f511e,NBA: Los Angeles Lakers vs. Orlando Magic 2023-03-19,2026,TBD,TBD,NBA: Los Angeles Lakers vs. Orlando Magic 2023-03-19
polymarket,0x355afb707881a51e88b77b8fc8c5d878260f5734242d29e8be5b328a0638b1fc,NBA: Pistons vs. Celtics (02/15/2023),2026,TBD,TBD,NBA: Pistons vs. Celtics (02/15/2023)
polymarket,0x0894e17cff38d5cb791c6704b302faa70c729816e9995e10cf8142a9eb312165,NBA: Houston Rockets vs. Los Angeles Lakers 2023-03-15,2026,TBD,TBD,NBA: Houston Rockets vs. Los Angeles Lakers 2023-03-15
polymarket,0x6c08b9bf394aa80e07a82411bb9fd77395c89c13015d064a9564cdbd4e805d5a,NBA: Celtics vs. Pistons (02/06/2023),2026,TBD,TBD,NBA: Celtics vs. Pistons (02/06/2023)
polymarket,0x2739fdc231ea86eeb3f3a9371d40d4a603e7c22f8e3c74d73a7ba2a7876137fd,NBA: New Orleans Pelicans vs. Dallas Mavericks 2023-03-08,2026,TBD,TBD,NBA: New Orleans Pelicans vs. Dallas Mavericks 2023-03-08
polymarket,0xace22d4298bb10437fd3365492b2176ec02ef151ebbca99694ffcd75a949cdc5,NBA: Detroit Pistons vs. Washington Wizards 2023-03-07,2026,TBD,TBD,NBA: Detroit Pistons vs. Washington Wizards 2023-03-07
polymarket,0x743a22420daf4349ba4a6b9b4de5cac2a683d8fc5177c4008b0be97a2d3520a7,NBA: Sacramento Kings vs. Portland Trail Blazers 2023-02-23,2026,TBD,TBD,NBA: Sacramento Kings vs. Portland Trail Blazers 2023-02-23
polymarket,0x0ff8e2f2622a78dd46cd4649dc7f3697fc7a73c3483cca7d8e4ec8e3c11c6104,NHL: Ottawa Senators vs. Toronto Maple Leafs 2023-03-18,2026,TBD,TBD,NHL: Ottawa Senators vs. Toronto Maple Leafs 2023-03-18
polymarket,0x1e0102fedc56c8f27dd9dfb297dcbdf89fbf2fc26d21fbca2ee07b5777d67a53,NHL: Buffalo Sabres vs. Dallas Stars 2023-03-09,2026,TBD,TBD,NHL: Buffalo Sabres vs. Dallas Stars 2023-03-09
polymarket,0x763a8bb834c5be996e39df194618b61a77b5d81f1b818b407c7178ab0f8e649f,UFC Fight Night: Who will win - Punahele Soriano vs. Roman Kopylov,2026,TBD,TBD,UFC Fight Night: Who will win - Punahele Soriano vs. Roman Kopylov
polymarket,0xd51018c6ba466c859c2c0c12a7f018cc5627f32459c59c57052a1457bcb61785,NHL: Florida Panthers vs. New Jersey Devils 2023-03-18,2026,TBD,TBD,NHL: Florida Panthers vs. New Jersey Devils 2023-03-18
polymarket,0x24f3b8ff985258a2ed5144960b3fa842cd5412794454ac9997ab10b5f48de9fe,NBA: Golden State Warriors vs. Portland Trail Blazers 2023-02-28,2026,TBD,TBD,NBA: Golden State Warriors vs. Portland Trail Blazers 2023-02-28
polymarket,0x1f7708582c85c3d28fb379ff8561da367a8353d6d5eea32bdcdbb28c24e1703e,NBA: Brooklyn Nets vs. Denver Nuggets 2023-03-19,2026,TBD,TBD,NBA: Brooklyn Nets vs. Denver Nuggets 2023-03-19
polymarket,0x5db77070ecb7b7be965531f85e5cd5e50e352e1c710661b240a0fa2de7977ad9,NBA: Atlanta Hawks vs. Brooklyn Nets 2023-02-26,2026,TBD,TBD,NBA: Atlanta Hawks vs. Brooklyn Nets 2023-02-26
polymarket,0x16c44516f8c5a98fcdbc9f879e3c866c497a335ab27d1f9a88d689a51b1879b7,NFL Saturday: Giants vs. Eagles,2026,TBD,TBD,NFL Saturday: Giants vs. Eagles
polymarket,0x13885d2e3a2c2f1a99f9277fb0cbc8d9fba7a1ab1694a5685b6c9efc5f210bd5,NBA: Washington Wizards vs. Detroit Pistons 2023-03-14,2026,TBD,TBD,NBA: Washington Wizards vs. Detroit Pistons 2023-03-14
polymarket,0x1ac6d6a0017cdbf0550f1e2c3062e6291e8b86bc06fc6e6725508a29f1914f1d,NHL: New York Rangers vs. Pittsburgh Penguins 2023-03-18,2026,TBD,TBD,NHL: New York Rangers vs. Pittsburgh Penguins 2023-03-18
polymarket,0x471c3ebf5920616a684ac5d158ba5149cc616cf91f72072eb81a4876c9664fc5,NBA: Toronto Raptors vs. Minnesota Timberwolves 2023-03-18,2026,TBD,TBD,NBA: Toronto Raptors vs. Minnesota Timberwolves 2023-03-18
polymarket,0x342141643bb007598cab4885949d67d1049bd576be624f4cb20768b47ce5e801,NBA: Dallas Mavericks vs. San Antonio Spurs 2023-02-23,2026,TBD,TBD,NBA: Dallas Mavericks vs. San Antonio Spurs 2023-02-23
polymarket,0x2fe4c09ee476d46052a012210b26ff8a76df7447dc8b030d3ac793a9c2138d37,NBA: Los Angeles Lakers vs. Minnesota Timberwolves 2023-03-03,2026,TBD,TBD,NBA: Los Angeles Lakers vs. Minnesota Timberwolves 2023-03-03
polymarket,0xd7eddcdbfca3e73a6d5357e6d5d0a642a8f0e18ef79b84f0d47331374f61746e,NBA: Milwaukee Bucks vs. Indiana Pacers 2023-03-16,2026,TBD,TBD,NBA: Milwaukee Bucks vs. Indiana Pacers 2023-03-16
polymarket,0xc763341867a560c7a36dffb0d5d3680323910fdeecd14a71ae1474bb34c90c0e,NBA Tuesday: Jazz vs. Pistons,2026,TBD,TBD,NBA Tuesday: Jazz vs. Pistons
polymarket,0x41d4997acd3de5da4453236ad2d72cdef3d4aed02ce38503a20f1c44225f098f,NHL: Pittsburgh Penguins vs. New York Rangers 2023-03-12,2026,TBD,TBD,NHL: Pittsburgh Penguins vs. New York Rangers 2023-03-12
polymarket,0xb375c4f74113dde43b49dd6e160dee4c674ffe9a724d4b85818c7a9373478e5f,NHL: St. Louis Blues vs. San Jose Sharks 2023-03-09,2026,TBD,TBD,NHL: St. Louis Blues vs. San Jose Sharks 2023-03-09
polymarket,0x4697c0a0b08886795590ac049ebd33b38cbf86779474cd38276d17f548f2af16,NBA: Portland Trail Blazers vs. Boston Celtics 2023-03-17,2026,TBD,TBD,NBA: Portland Trail Blazers vs. Boston Celtics 2023-03-17
polymarket,0x9e60c432648859520a987648fe23b662cd7537ae76c459cfe9288ef4ca8f883e,Will U.S. inflation be more than 0.3% from October to November 2022?,2026,TBD,TBD,Will U.S. inflation be more than 0.3% from October to November 2022?
polymarket,0x6c68735b867eeecc62cc8c4377e04aad2262103b8f417e56a5845b5c99f7bbe2,NBA Tuesday: Hawks vs. Pacers,2026,TBD,TBD,NBA Tuesday: Hawks vs. Pacers
polymarket,0xb63ea0a4b868f06c69d257f0066561ae4874077bfd7d31b88c066272275060e1,NBA: New Orleans Pelicans vs. Orlando Magic 2023-02-27,2026,TBD,TBD,NBA: New Orleans Pelicans vs. Orlando Magic 2023-02-27
polymarket,0x7c1d1403737d4e3649a7071955d84317a603eeb1dc743f1be6ee84398fdbd241,NBA: Suns vs. Hawks (02/09/2023),2026,TBD,TBD,NBA: Suns vs. Hawks (02/09/2023)
polymarket,0x1723f21fb3fc6797e7ade9749953a634829d92cfed61992479d24f4a5f0d9d43,NHL: New York Islanders vs. Washington Capitals 2023-03-11,2026,TBD,TBD,NHL: New York Islanders vs. Washington Capitals 2023-03-11
polymarket,0x571295a4f8ae98333b574becfedd1d6b28f843e5e382e0e075a8f6f1e1462447,NBA: Phoenix Suns vs. Oklahoma City Thunder 2023-02-24,2026,TBD,TBD,NBA: Phoenix Suns vs. Oklahoma City Thunder 2023-02-24
polymarket,0x04de265742e98963a943a63f33c30b33d838a5f9847377a8ccc8382287119c59,NBA: Hawks vs. Hornets (02/13/2023),2026,TBD,TBD,NBA: Hawks vs. Hornets (02/13/2023)
polymarket,0xf7361757ca9cffea44caa5a15518acf6a3f6fafaa6f98b5b6acc6c534c73975e,NBA: Timberwolves vs. Jazz (02/08/2023),2026,TBD,TBD,NBA: Timberwolves vs. Jazz (02/08/2023)
polymarket,0x3a45193b746d80099c5dd28037f47802cec92907ecad64eadb043ce75c7d6ecd,NHL: Montreal Canadiens vs. Colorado Avalanche 2023-03-13,2026,TBD,TBD,NHL: Montreal Canadiens vs. Colorado Avalanche 2023-03-13
polymarket,0x97991ab98c98f93c50fed9dc04e2358d790738e7e43e58c2980f933bd0815707,NBA: Spurs vs. Cavaliers (02/13/2023),2026,TBD,TBD,NBA: Spurs vs. Cavaliers (02/13/2023)
polymarket,0x37057a8a76f0d8ddbdbaa017c01ac72d6f6581babc70ad8e918e2af5889c2529,NBA: Spurs vs. Bulls (02/06/2023),2026,TBD,TBD,NBA: Spurs vs. Bulls (02/06/2023)
polymarket,0xd431624aba0aee48ec0d1a741a6e196d371b8e00c53d74dd38bc7e81e71786af,NBA: Rockets vs. Heat (02/10/2023),2026,TBD,TBD,NBA: Rockets vs. Heat (02/10/2023)
polymarket,0xc1a9153f878586b4e352327e63bb0820ff4317d067975291d5fd8912d22f7ec7,NBA: New York Knicks vs. Denver Nuggets 2023-03-18,2026,TBD,TBD,NBA: New York Knicks vs. Denver Nuggets 2023-03-18
polymarket,0xac38fcf3d26a85dec84ae32669d9bca8f75f3b8536fbe24f10fe0c19fd9e71b2,NBA: Golden State Warriors vs. New Orleans Pelicans 2023-03-03,2026,TBD,TBD,NBA: Golden State Warriors vs. New Orleans Pelicans 2023-03-03
polymarket,0x593f42d2aae1e83361f1b81a9269d1e60859e8a0a0580d2bb9dbbf1960658a43,NBA: Bulls vs. Pacers (02/15/2023),2026,TBD,TBD,NBA: Bulls vs. Pacers (02/15/2023)
polymarket,0x1abcad867bb2c3f321c1b907405242276c67558326df864bfc1caaaa4889efd9,NBA: Pistons vs. Cavaliers (02/08/2023),2026,TBD,TBD,NBA: Pistons vs. Cavaliers (02/08/2023)
polymarket,0x177cda40ffe00e6d89c1af8c2cc280581361a4350ac8766d16eaebf8c02167ad,"MLB: Who will win Atlanta Braves v. Boston Red Sox, scheduled for August 9, 7:10 PM ET?",2026,TBD,TBD,MLB: Who will win Atlanta Braves v. Boston Red Sox  scheduled for August 9  7:10 PM ET?
polymarket,0x7938e904b246b69de7044ca52c79f5506a26eeeaf210eaf8d8ec97aa398756cf,NHL: Washington Capitals vs. St. Louis Blues 2023-03-17,2026,TBD,TBD,NHL: Washington Capitals vs. St. Louis Blues 2023-03-17
polymarket,0xce1037c9f1ed77570a28826df83fe79d5d78851124c9541d8da4d1d97de2e8dc,NBA: LA Clippers vs. New York Knicks 2023-03-11,2026,TBD,TBD,NBA: LA Clippers vs. New York Knicks 2023-03-11
polymarket,0xe3f29ad5931151b4a5eb0f17814224ac9a1c2379103bf98eab969ac340710904,NBA: Charlotte Hornets vs. Phoenix Suns 2023-03-01,2026,TBD,TBD,NBA: Charlotte Hornets vs. Phoenix Suns 2023-03-01
polymarket,0x0f4c985bf94917ed059e618464bf92ae1b91a24bb058034071ca3e4b834082ff,NBA: Oklahoma City Thunder vs. Los Angeles Lakers 2023-03-01,2026,TBD,TBD,NBA: Oklahoma City Thunder vs. Los Angeles Lakers 2023-03-01
polymarket,0x17b1593b1963efed7aff085774b2acb10726dea2aac249ee8b72c6032948bd64,UFC 285: Who will win - Neal or Rakhmonov?,2026,TBD,TBD,UFC 285: Who will win - Neal or Rakhmonov?
polymarket,0x5918b39c32e66585116338a8554ae4023ff1a1eb3e4a2dc4f52b4eec44a29435,NBA: Miami Heat vs. Utah Jazz 2023-03-13,2026,TBD,TBD,NBA: Miami Heat vs. Utah Jazz 2023-03-13
polymarket,0xcbe2211244525dd6245c1a7875132215e3c5a1e9e8a1013d996c2dae769b62b8,Will U.S. inflation be greater than 0.0% from November to December 2022?,2026,TBD,TBD,Will U.S. inflation be greater than 0.0% from November to December 2022?
polymarket,0x74765fc36fe6177e61b78f1a30b74173ea9b79fe6bda4937101df3a64612350f,NBA: Miami Heat vs. Memphis Grizzlies 2023-03-15,2026,TBD,TBD,NBA: Miami Heat vs. Memphis Grizzlies 2023-03-15
polymarket,0x4c4cb1312877d777eee229ee9d5003a0482c93c4ca28ca85ecba44d9cf1b0c7b,NBA: Warriors vs. Trail Blazers (02/08/2023),2026,TBD,TBD,NBA: Warriors vs. Trail Blazers (02/08/2023)
polymarket,0x497822fe101391c6b8453cfc0ab1baf8d2b3dd24e65919426257d6be1b3d5c34,NFL Sunday: Ravens vs. Bengals,2026,TBD,TBD,NFL Sunday: Ravens vs. Bengals
polymarket,0x74a84df64ce5b53fcb67629bfc26e3c38024a39ee402d5221f40b04586a9db52,NHL: Tampa Bay Lightning vs. Montreal Canadiens 2023-03-18,2026,TBD,TBD,NHL: Tampa Bay Lightning vs. Montreal Canadiens 2023-03-18
polymarket,0xc9bd900c0dd6d792739416cb3a5099994718c368ccf2cd6281a2b52ae702c157,NBA: Washington Wizards vs. New York Knicks 2023-02-24,2026,TBD,TBD,NBA: Washington Wizards vs. New York Knicks 2023-02-24
polymarket,0xd5375a4be47dfa4ebcbe73447b2929008a9ce9563e50a2c8390acfe07aadab66,NBA: Golden State Warriors vs. LA Clippers 2023-03-02,2026,TBD,TBD,NBA: Golden State Warriors vs. LA Clippers 2023-03-02
polymarket,0x58a3711add2d230501828d7324323a1f294f72c823720dc00603d9cb4fef3676,NHL: Vancouver Canucks vs. Anaheim Ducks 2023-03-08,2026,TBD,TBD,NHL: Vancouver Canucks vs. Anaheim Ducks 2023-03-08
polymarket,0x1d25fbae1d03949aa9fa1593704e3b31de03dd7e18f6a77290274f9a2292960c,NFL Saturday: Jaguars vs. Chiefs,2026,TBD,TBD,NFL Saturday: Jaguars vs. Chiefs
polymarket,0x4855918b2b8c6a97122c2b5ab67d7a83cef9569b80926b6e4fcb688f558a5e06,NBA: Kings vs. Rockets (02/06/2023),2026,TBD,TBD,NBA: Kings vs. Rockets (02/06/2023)
polymarket,0x0fbd0991b8cd88bebb6b48441c549d32a1eedb1e5ce47a5730829cec02c0e635,UFC Fight Night: Who will win - Imavov vs. Gastelum,2026,TBD,TBD,UFC Fight Night: Who will win - Imavov vs. Gastelum
polymarket,0x0b57e8c6693d012eb126d94104e5d6343eb41e6bfd4a35fdf5b1a5dff1fd2492,NFL Thursday: Cowboys vs. Titans,2026,TBD,TBD,NFL Thursday: Cowboys vs. Titans
polymarket,0x3e4daff407887d2d7e4a5511b660b7c032b4775ee2b68cb6a91acc06a0075b71,NBA: 76ers vs. Nets (02/11/2023),2026,TBD,TBD,NBA: 76ers vs. Nets (02/11/2023)
polymarket,0x4ba970209639b2fd6765e65fe6f4eb093a7b1c7eb158e486729cfd135c1843cd,NBA: Miami Heat vs. New York Knicks 2023-03-03,2026,TBD,TBD,NBA: Miami Heat vs. New York Knicks 2023-03-03
polymarket,0xa6458596451294ece31e285e467cb6caa775f40e7ebefa4a4bab3059e157650b,NBA: Magic vs. Hornets (02/05/2023),2026,TBD,TBD,NBA: Magic vs. Hornets (02/05/2023)
polymarket,0xd82f084f21d995d258cd3a0159de8a9a514791619a7f0a84edb9b82122b7ae9c,NBA: Magic vs. Raptors (02/14/2023),2026,TBD,TBD,NBA: Magic vs. Raptors (02/14/2023)
polymarket,0x7542956f6e34423f93a892108dadc29a4099dcdbeffaa3fce66e8cbfeca9b0c2,NHL: Minnesota Wild vs. Boston Bruins 2023-03-18,2026,TBD,TBD,NHL: Minnesota Wild vs. Boston Bruins 2023-03-18
polymarket,,archNBA: Hornets vs. Bulls (02/02/2023),2026,TBD,TBD,archNBA: Hornets vs. Bulls (02/02/2023)
polymarket,0xc4e0dca050424bec2df1c0eb0d362b0dd8e84c7e0c02e5191dd03c1ad3ebabac,NBA: Lakers vs. Nets (01/30/2023),2026,TBD,TBD,NBA: Lakers vs. Nets (01/30/2023)
polymarket,,Will Coinbase staking be available in the US through March 31?,2026,TBD,TBD,Will Coinbase staking be available in the US through March 31?
polymarket,0x6507e330b9094f9893423cab7a8d60dab4cf0e7802d5d887895daf4728b0ff66,"MLB: Who will win San Francisco Giants v. Los Angeles Dodgers, scheduled for July 22, 10:10 PM ET?",2026,TBD,TBD,MLB: Who will win San Francisco Giants v. Los Angeles Dodgers  scheduled for July 22  10:10 PM ET?
polymarket,0xd93ac0cd03a6e1c17a9dc7ec12c95bd128a4c71cad32b4845c628f5044b0bab0,UFC 286: Who will win - Edwards or Usman?,2026,TBD,TBD,UFC 286: Who will win - Edwards or Usman?
polymarket,0x1f46da767e65339d0bd141ba53cabd81b49ded6171653bb4619b555ad760b5ab,Will Coinbase resume USDC redemptions by Monday night?,2026,TBD,TBD,Will Coinbase resume USDC redemptions by Monday night?
polymarket,0xdb854dbcf16b56cc08aeb772b5bbc958a1ee307a42b0a799f46b4025f610812e,NHL: Philadelphia Flyers vs. Vegas Golden Knights 2023-03-14,2026,TBD,TBD,NHL: Philadelphia Flyers vs. Vegas Golden Knights 2023-03-14
polymarket,0xa8287c322d4cfe704b04c5367662cc884b1c75ee4651fbbf51e7f720ea53bbce,"MLB: Who will win Atlanta Braves v. Philadelphia Phillies, scheduled for July 25, 7:05 PM ET?",2026,TBD,TBD,MLB: Who will win Atlanta Braves v. Philadelphia Phillies  scheduled for July 25  7:05 PM ET?
polymarket,0x4e1633e3399a99ef70e8a3f69fa88dcce36757f49e3a6cc29bcd819c7743a8c8,NBA: New York Knicks vs. Minnesota Timberwolves 2023-03-20,2026,TBD,TBD,NBA: New York Knicks vs. Minnesota Timberwolves 2023-03-20
polymarket,0xa3d8781a3de16ad604801a259583976f0efa7a6c9f27b06f9647c97a4a5a4e7c,NBA: Hawks vs. Trail Blazers (01/30/2023),2026,TBD,TBD,NBA: Hawks vs. Trail Blazers (01/30/2023)
polymarket,0xeadf554f98a4c29d18ec957028258982a0f66e45e0bb98953df7f617b5d4eeda,NHL: Arizona Coyotes vs. Chicago Blackhawks 2023-03-18,2026,TBD,TBD,NHL: Arizona Coyotes vs. Chicago Blackhawks 2023-03-18
polymarket,0x901496f0a23fcca6fd0152a082168ec6ca3e74c7ea5e0828fc6f3f5ec3518a72,NBA: Philadelphia 76ers vs. Boston Celtics 2023-02-25,2026,TBD,TBD,NBA: Philadelphia 76ers vs. Boston Celtics 2023-02-25
polymarket,0x42faeb6a84b37c6068f6f60665664f716b810cfaabdf87a96279128636c3c784,NHL: New York Rangers vs. Pittsburgh Penguins 2023-03-16,2026,TBD,TBD,NHL: New York Rangers vs. Pittsburgh Penguins 2023-03-16
polymarket,0x96cceeddf843755c7bd2c3eb7dbbb318c1e2246231d080345bebcaadd550e909,NBA: Toronto Raptors vs. Chicago Bulls 2023-02-28,2026,TBD,TBD,NBA: Toronto Raptors vs. Chicago Bulls 2023-02-28
polymarket,0x6ad6cc799d9f3cf96edd283e23e29fa7ca156998c45ed79bae44818d21e7c25a,NHL: Ottawa Senators vs. Colorado Avalanche 2023-03-16,2026,TBD,TBD,NHL: Ottawa Senators vs. Colorado Avalanche 2023-03-16
polymarket,0xa51c86ac109cf8082ea4fcd2276b2f4a52c0ce70173606548f14db03bf8038f9,NBA: Dallas Mavericks vs. Philadelphia 76ers 2023-03-02,2026,TBD,TBD,NBA: Dallas Mavericks vs. Philadelphia 76ers 2023-03-02
polymarket,0x93d6ecd84ac21ba860e80de8b91db67f66ecd742bdf929bb04545c4f6ea829ed,NBA: Utah Jazz vs. San Antonio Spurs 2023-02-28,2026,TBD,TBD,NBA: Utah Jazz vs. San Antonio Spurs 2023-02-28
polymarket,0x36a81323d7680332a70072f4c3f80c67213a910903d6b1a4f3ff767d7582d421,NBA: Kings vs. Rockets (02/08/2023),2026,TBD,TBD,NBA: Kings vs. Rockets (02/08/2023)
polymarket,0xbfff967afcf3edb8827ffe89126692cb206bc7099797dfa17b10ac61b4b5b534,NHL: Los Angeles Kings vs. Nashville Predators 2023-03-11,2026,TBD,TBD,NHL: Los Angeles Kings vs. Nashville Predators 2023-03-11
polymarket,0x0b171aa71e096660f018a72dab0f4c26347cf4d7c0a6c6f039c14775c036eed7,UFC 285: Will Bo Nickal finish Jamie Pickett in the first round?,2026,TBD,TBD,UFC 285: Will Bo Nickal finish Jamie Pickett in the first round?
polymarket,0x9831cf4e59285e5487e788d8a1435cb4753b9076a38512848ac1488348192f27,Will Bryce Young be first QB selected in the 2023 NFL draft?,2026,TBD,TBD,Will Bryce Young be first QB selected in the 2023 NFL draft?
